candidate_id,family,symbol,lookback,entry_z,exit_z
stat_arb__AUDUSD_VOD__entry_z-1p5__exit_z-0__lookback-168,stat_arb,AUDUSD_VOD,168,1.5,0.0
stat_arb__AUDUSD_VOD__entry_z-1p5__exit_z-0__lookback-24,stat_arb,AUDUSD_VOD,24,1.5,0.0
stat_arb__AUDUSD_VOD__entry_z-1p5__exit_z-0__lookback-48,stat_arb,AUDUSD_VOD,48,1.5,0.0
stat_arb__AUDUSD_VOD__entry_z-1p5__exit_z-0__lookback-96,stat_arb,AUDUSD_VOD,96,1.5,0.0
stat_arb__AUDUSD_VOD__entry_z-1p5__exit_z-0p5__lookback-168,stat_arb,AUDUSD_VOD,168,1.5,0.5
stat_arb__AUDUSD_VOD__entry_z-1p5__exit_z-0p5__lookback-24,stat_arb,AUDUSD_VOD,24,1.5,0.5
stat_arb__AUDUSD_VOD__entry_z-1p5__exit_z-0p5__lookback-48,stat_arb,AUDUSD_VOD,48,1.5,0.5
stat_arb__AUDUSD_VOD__entry_z-1p5__exit_z-0p5__lookback-96,stat_arb,AUDUSD_VOD,96,1.5,0.5
stat_arb__AUDUSD_VOD__entry_z-2__exit_z-0__lookback-168,stat_arb,AUDUSD_VOD,168,2.0,0.0
stat_arb__AUDUSD_VOD__entry_z-2__exit_z-0__lookback-24,stat_arb,AUDUSD_VOD,24,2.0,0.0
stat_arb__AUDUSD_VOD__entry_z-2__exit_z-0__lookback-48,stat_arb,AUDUSD_VOD,48,2.0,0.0
stat_arb__AUDUSD_VOD__entry_z-2__exit_z-0__lookback-96,stat_arb,AUDUSD_VOD,96,2.0,0.0
stat_arb__AUDUSD_VOD__entry_z-2__exit_z-0p5__lookback-168,stat_arb,AUDUSD_VOD,168,2.0,0.5
stat_arb__AUDUSD_VOD__entry_z-2__exit_z-0p5__lookback-24,stat_arb,AUDUSD_VOD,24,2.0,0.5
stat_arb__AUDUSD_VOD__entry_z-2__exit_z-0p5__lookback-48,stat_arb,AUDUSD_VOD,48,2.0,0.5
stat_arb__AUDUSD_VOD__entry_z-2__exit_z-0p5__lookback-96,stat_arb,AUDUSD_VOD,96,2.0,0.5
stat_arb__AUDUSD_VOD__entry_z-2p5__exit_z-0__lookback-168,stat_arb,AUDUSD_VOD,168,2.5,0.0
stat_arb__AUDUSD_VOD__entry_z-2p5__exit_z-0__lookback-24,stat_arb,AUDUSD_VOD,24,2.5,0.0
stat_arb__AUDUSD_VOD__entry_z-2p5__exit_z-0__lookback-48,stat_arb,AUDUSD_VOD,48,2.5,0.0
stat_arb__AUDUSD_VOD__entry_z-2p5__exit_z-0__lookback-96,stat_arb,AUDUSD_VOD,96,2.5,0.0
stat_arb__AUDUSD_VOD__entry_z-2p5__exit_z-0p5__lookback-168,stat_arb,AUDUSD_VOD,168,2.5,0.5
stat_arb__AUDUSD_VOD__entry_z-2p5__exit_z-0p5__lookback-24,stat_arb,AUDUSD_VOD,24,2.5,0.5
stat_arb__AUDUSD_VOD__entry_z-2p5__exit_z-0p5__lookback-48,stat_arb,AUDUSD_VOD,48,2.5,0.5
stat_arb__AUDUSD_VOD__entry_z-2p5__exit_z-0p5__lookback-96,stat_arb,AUDUSD_VOD,96,2.5,0.5
stat_arb__XAGUSD_XAUUSD__entry_z-1p5__exit_z-0__lookback-168,stat_arb,XAGUSD_XAUUSD,168,1.5,0.0
stat_arb__XAGUSD_XAUUSD__entry_z-1p5__exit_z-0__lookback-24,stat_arb,XAGUSD_XAUUSD,24,1.5,0.0
stat_arb__XAGUSD_XAUUSD__entry_z-1p5__exit_z-0__lookback-48,stat_arb,XAGUSD_XAUUSD,48,1.5,0.0
stat_arb__XAGUSD_XAUUSD__entry_z-1p5__exit_z-0__lookback-96,stat_arb,XAGUSD_XAUUSD,96,1.5,0.0
stat_arb__XAGUSD_XAUUSD__entry_z-1p5__exit_z-0p5__lookback-168,stat_arb,XAGUSD_XAUUSD,168,1.5,0.5
stat_arb__XAGUSD_XAUUSD__entry_z-1p5__exit_z-0p5__lookback-24,stat_arb,XAGUSD_XAUUSD,24,1.5,0.5
stat_arb__XAGUSD_XAUUSD__entry_z-1p5__exit_z-0p5__lookback-48,stat_arb,XAGUSD_XAUUSD,48,1.5,0.5
stat_arb__XAGUSD_XAUUSD__entry_z-1p5__exit_z-0p5__lookback-96,stat_arb,XAGUSD_XAUUSD,96,1.5,0.5
stat_arb__XAGUSD_XAUUSD__entry_z-2__exit_z-0__lookback-168,stat_arb,XAGUSD_XAUUSD,168,2.0,0.0
stat_arb__XAGUSD_XAUUSD__entry_z-2__exit_z-0__lookback-24,stat_arb,XAGUSD_XAUUSD,24,2.0,0.0
stat_arb__XAGUSD_XAUUSD__entry_z-2__exit_z-0__lookback-48,stat_arb,XAGUSD_XAUUSD,48,2.0,0.0
stat_arb__XAGUSD_XAUUSD__entry_z-2__exit_z-0__lookback-96,stat_arb,XAGUSD_XAUUSD,96,2.0,0.0
stat_arb__XAGUSD_XAUUSD__entry_z-2__exit_z-0p5__lookback-168,stat_arb,XAGUSD_XAUUSD,168,2.0,0.5
stat_arb__XAGUSD_XAUUSD__entry_z-2__exit_z-0p5__lookback-24,stat_arb,XAGUSD_XAUUSD,24,2.0,0.5
stat_arb__XAGUSD_XAUUSD__entry_z-2__exit_z-0p5__lookback-48,stat_arb,XAGUSD_XAUUSD,48,2.0,0.5
stat_arb__XAGUSD_XAUUSD__entry_z-2__exit_z-0p5__lookback-96,stat_arb,XAGUSD_XAUUSD,96,2.0,0.5
stat_arb__XAGUSD_XAUUSD__entry_z-2p5__exit_z-0__lookback-168,stat_arb,XAGUSD_XAUUSD,168,2.5,0.0
stat_arb__XAGUSD_XAUUSD__entry_z-2p5__exit_z-0__lookback-24,stat_arb,XAGUSD_XAUUSD,24,2.5,0.0
stat_arb__XAGUSD_XAUUSD__entry_z-2p5__exit_z-0__lookback-48,stat_arb,XAGUSD_XAUUSD,48,2.5,0.0
stat_arb__XAGUSD_XAUUSD__entry_z-2p5__exit_z-0__lookback-96,stat_arb,XAGUSD_XAUUSD,96,2.5,0.0
stat_arb__XAGUSD_XAUUSD__entry_z-2p5__exit_z-0p5__lookback-168,stat_arb,XAGUSD_XAUUSD,168,2.5,0.5
stat_arb__XAGUSD_XAUUSD__entry_z-2p5__exit_z-0p5__lookback-24,stat_arb,XAGUSD_XAUUSD,24,2.5,0.5
stat_arb__XAGUSD_XAUUSD__entry_z-2p5__exit_z-0p5__lookback-48,stat_arb,XAGUSD_XAUUSD,48,2.5,0.5
stat_arb__XAGUSD_XAUUSD__entry_z-2p5__exit_z-0p5__lookback-96,stat_arb,XAGUSD_XAUUSD,96,2.5,0.5
