candidate_id,family,symbol,lookback,entry_z,stress_id,stress_type,stress_start,stress_end,market_return,first_observation,last_observation,stress_net_total_return,stress_net_annual_return,stress_net_annual_volatility,stress_net_sharpe,stress_net_max_drawdown,stress_net_calmar,stress_net_observation_count,stress_net_terminal_nav,stress_net_worst_bar_return,stress_transaction_cost,stress_spread_cost,stress_commission_cost,fast_window,slow_window
mean_reversion__ETHUSD__entry_z-1p5__lookback-24,mean_reversion,ETHUSD,24.0,1.5,march_2020,fixed_historical,2020-03-01,2020-03-31 23:59:59,,2020-03-01 22:00:00,2020-03-31 23:00:00,-0.27955760127675555,-0.9814358251260095,1.7965969040400973,-1.2846234861679098,-0.5056833627617706,-1.9408109844981545,534,0.7204423987232444,-0.22913931001551857,0.03281361313933549,0.031113613139335493,0.0017000000000000001,,
mean_reversion__ETHUSD__entry_z-1p5__lookback-24,mean_reversion,ETHUSD,24.0,1.5,worst_market_window_1,worst_market_window,2020-02-19,2020-03-19 23:59:59,-0.5548631705394349,2020-02-19 00:00:00,2020-03-19 23:00:00,-0.4663120895511056,-0.9995267335055442,1.7968805883845824,-3.3234681703699174,-0.5486106767094401,-1.8219235897862815,530,0.5336879104488944,-0.22913931001551857,0.030327137349978432,0.02872713734997843,0.0016,,
mean_reversion__ETHUSD__entry_z-1p5__lookback-24,mean_reversion,ETHUSD,24.0,1.5,worst_market_window_2,worst_market_window,2022-05-17,2022-06-15 23:59:59,-0.484228073174902,2022-05-17 00:00:00,2022-06-15 23:00:00,-0.3406251937283262,-0.9937644656175562,0.9690604010285254,-4.745544804696634,-0.42805138788820174,-2.3216008491884788,528,0.6593748062716738,-0.1164786365818532,0.020476087538919656,0.018526087538919656,0.00195,,
mean_reversion__ETHUSD__entry_z-1p5__lookback-24,mean_reversion,ETHUSD,24.0,1.5,worst_market_window_3,worst_market_window,2021-05-25,2021-06-23 23:59:59,-0.4428575661501081,2021-05-25 00:00:00,2021-06-23 23:00:00,0.07792439926618089,1.4964013464966102,0.9920500522788122,1.4157917910503053,-0.2910446843916237,5.141483169928242,528,1.0779243992661809,-0.0540527848220157,0.02222355871791694,0.02007355871791694,0.00215,,
mean_reversion__ETHUSD__entry_z-1p5__lookback-48,mean_reversion,ETHUSD,48.0,1.5,march_2020,fixed_historical,2020-03-01,2020-03-31 23:59:59,,2020-03-01 22:00:00,2020-03-31 23:00:00,-0.2708792998766789,-0.9785266479231174,1.86098851269332,-1.099410397889953,-0.5365619052966083,-1.8236975794660517,534,0.7291207001233211,-0.22913931001551857,0.011332370771566947,0.010332370771566946,0.001,,
mean_reversion__ETHUSD__entry_z-1p5__lookback-48,mean_reversion,ETHUSD,48.0,1.5,worst_market_window_1,worst_market_window,2020-02-19,2020-03-19 23:59:59,-0.5548631705394349,2020-02-19 00:00:00,2020-03-19 23:00:00,-0.33771976363481304,-0.993421096546017,1.8857694824403934,-1.6872055717590289,-0.5098187237752183,-1.9485771122522002,530,0.662280236365187,-0.22913931001551857,0.011577585897860222,0.010477585897860221,0.0011,,
mean_reversion__ETHUSD__entry_z-1p5__lookback-48,mean_reversion,ETHUSD,48.0,1.5,worst_market_window_2,worst_market_window,2022-05-17,2022-06-15 23:59:59,-0.484228073174902,2022-05-17 00:00:00,2022-06-15 23:00:00,-0.27186627092996307,-0.979102827413118,1.0205695925497114,-3.272435454145038,-0.43974803966429354,-2.226508680199169,528,0.7281337290700369,-0.1164786365818532,0.01058568801340189,0.00958568801340189,0.001,,
mean_reversion__ETHUSD__entry_z-1p5__lookback-48,mean_reversion,ETHUSD,48.0,1.5,worst_market_window_3,worst_market_window,2021-05-25,2021-06-23 23:59:59,-0.4428575661501081,2021-05-25 00:00:00,2021-06-23 23:00:00,-0.016908477395448318,-0.18771965172649618,0.9866204164350147,0.28029002006100634,-0.3001472054843197,-0.6254252856480552,528,0.9830915226045517,-0.0540527848220157,0.011308902221190981,0.010208902221190981,0.0011,,
mean_reversion__ETHUSD__entry_z-1p5__lookback-96,mean_reversion,ETHUSD,96.0,1.5,march_2020,fixed_historical,2020-03-01,2020-03-31 23:59:59,,2020-03-01 22:00:00,2020-03-31 23:00:00,-0.23824888695469537,-0.96343461103877,1.8787438447908138,-0.788612669241737,-0.5299244065674797,-1.8180604612633327,534,0.7617511130453046,-0.22913931001551857,0.006101486116356632,0.0056514861163566325,0.00045,,
mean_reversion__ETHUSD__entry_z-1p5__lookback-96,mean_reversion,ETHUSD,96.0,1.5,worst_market_window_1,worst_market_window,2020-02-19,2020-03-19 23:59:59,-0.5548631705394349,2020-02-19 00:00:00,2020-03-19 23:00:00,-0.4173335177070936,-0.998619562523234,1.892993201319358,-2.497938736788198,-0.52992440656748,-1.8844566322047123,530,0.5826664822929064,-0.22913931001551857,0.006308409910573071,0.005908409910573072,0.0004,,
mean_reversion__ETHUSD__entry_z-1p5__lookback-96,mean_reversion,ETHUSD,96.0,1.5,worst_market_window_2,worst_market_window,2022-05-17,2022-06-15 23:59:59,-0.484228073174902,2022-05-17 00:00:00,2022-06-15 23:00:00,-0.10369493761912973,-0.7367642385547608,0.9845739342638133,-0.8561613547124398,-0.40884741662346635,-1.80205183791902,528,0.8963050623808703,-0.1164786365818532,0.007441631369936202,0.006741631369936201,0.0007,,
mean_reversion__ETHUSD__entry_z-1p5__lookback-96,mean_reversion,ETHUSD,96.0,1.5,worst_market_window_3,worst_market_window,2021-05-25,2021-06-23 23:59:59,-0.4428575661501081,2021-05-25 00:00:00,2021-06-23 23:00:00,-0.04200948853859865,-0.40740622224382594,0.9094217247545541,-0.1225539808125657,-0.2944880601897282,-1.3834388463197749,528,0.9579905114614014,-0.0540527848220157,0.004967485641313974,0.004517485641313974,0.00045,,
mean_reversion__ETHUSD__entry_z-2__lookback-24,mean_reversion,ETHUSD,24.0,2.0,march_2020,fixed_historical,2020-03-01,2020-03-31 23:59:59,,2020-03-01 22:00:00,2020-03-31 23:00:00,-0.20998890390874092,-0.943060624907314,1.7653071222176224,-0.70442174505091,-0.5089092059368303,-1.8531019166204155,534,0.7900110960912591,-0.22913931001551857,0.032741241605877144,0.031141241605877147,0.0016,,
mean_reversion__ETHUSD__entry_z-2__lookback-24,mean_reversion,ETHUSD,24.0,2.0,worst_market_window_1,worst_market_window,2020-02-19,2020-03-19 23:59:59,-0.5548631705394349,2020-02-19 00:00:00,2020-03-19 23:00:00,-0.3854656592876732,-0.9973577807126625,1.7755716785197615,-2.4171304383418746,-0.5089092059368305,-1.9597951247053325,530,0.6145343407123268,-0.22913931001551857,0.03096205038862077,0.02946205038862077,0.0015,,
mean_reversion__ETHUSD__entry_z-2__lookback-24,mean_reversion,ETHUSD,24.0,2.0,worst_market_window_2,worst_market_window,2022-05-17,2022-06-15 23:59:59,-0.484228073174902,2022-05-17 00:00:00,2022-06-15 23:00:00,-0.3410336216028931,-0.9938113927991052,0.9490267935715182,-4.873899641883081,-0.4473454053842767,-2.2215750532754566,528,0.6589663783971069,-0.1164786365818532,0.01593915927148716,0.01443915927148716,0.0015,,
mean_reversion__ETHUSD__entry_z-2__lookback-24,mean_reversion,ETHUSD,24.0,2.0,worst_market_window_3,worst_market_window,2021-05-25,2021-06-23 23:59:59,-0.4428575661501081,2021-05-25 00:00:00,2021-06-23 23:00:00,-0.013691380724127677,-0.15471180535000684,0.8954426432858736,0.25753693010318274,-0.24443503504061748,-0.632936294603998,528,0.9863086192758723,-0.0540527848220157,0.016467359545177078,0.014917359545177077,0.0015500000000000002,,
mean_reversion__ETHUSD__entry_z-2__lookback-48,mean_reversion,ETHUSD,48.0,2.0,march_2020,fixed_historical,2020-03-01,2020-03-31 23:59:59,,2020-03-01 22:00:00,2020-03-31 23:00:00,-0.31979893758360933,-0.9907703478998613,1.8316884648427592,-1.6073478818034492,-0.511949337788141,-1.9352898319596419,534,0.6802010624163907,-0.22913931001551857,0.008234018631290932,0.00763401863129093,0.0006000000000000001,,
mean_reversion__ETHUSD__entry_z-2__lookback-48,mean_reversion,ETHUSD,48.0,2.0,worst_market_window_1,worst_market_window,2020-02-19,2020-03-19 23:59:59,-0.5548631705394349,2020-02-19 00:00:00,2020-03-19 23:00:00,-0.36347301962587153,-0.9959435350579158,1.8610161363832503,-1.9943027328174885,-0.505246611989342,-1.9712027976526538,530,0.6365269803741285,-0.22913931001551857,0.008789055761854191,0.008089055761854192,0.0007000000000000001,,
mean_reversion__ETHUSD__entry_z-2__lookback-48,mean_reversion,ETHUSD,48.0,2.0,worst_market_window_2,worst_market_window,2022-05-17,2022-06-15 23:59:59,-0.484228073174902,2022-05-17 00:00:00,2022-06-15 23:00:00,-0.3264308570104152,-0.991915614079165,0.988351307889865,-4.371892272086682,-0.4269681742043552,-2.323160539840178,528,0.6735691429895848,-0.1164786365818532,0.006224531212571355,0.005624531212571355,0.0006000000000000001,,
mean_reversion__ETHUSD__entry_z-2__lookback-48,mean_reversion,ETHUSD,48.0,2.0,worst_market_window_3,worst_market_window,2021-05-25,2021-06-23 23:59:59,-0.4428575661501081,2021-05-25 00:00:00,2021-06-23 23:00:00,-0.03545060081827911,-0.35600122124246425,0.9052672338269026,-0.036348877253853905,-0.30014720548431895,-1.1860887415827144,528,0.9645493991817209,-0.0540527848220157,0.00837403845383095,0.00757403845383095,0.0007999999999999999,,
mean_reversion__ETHUSD__entry_z-2__lookback-96,mean_reversion,ETHUSD,96.0,2.0,march_2020,fixed_historical,2020-03-01,2020-03-31 23:59:59,,2020-03-01 22:00:00,2020-03-31 23:00:00,-0.22600140970908023,-0.9556094700935912,1.875915342951298,-0.6892830237066635,-0.52992440656748,-1.803293938249483,534,0.7739985902909198,-0.22913931001551857,0.00637567374951607,0.00592567374951607,0.00045,,
mean_reversion__ETHUSD__entry_z-2__lookback-96,mean_reversion,ETHUSD,96.0,2.0,worst_market_window_1,worst_market_window,2020-02-19,2020-03-19 23:59:59,-0.5548631705394349,2020-02-19 00:00:00,2020-03-19 23:00:00,-0.39164656817620846,-0.9976641556378258,1.8889690495212788,-2.229051106312075,-0.52992440656748,-1.882653720556244,530,0.6083534318237915,-0.22913931001551857,0.006594017259986819,0.00619401725998682,0.0004,,
mean_reversion__ETHUSD__entry_z-2__lookback-96,mean_reversion,ETHUSD,96.0,2.0,worst_market_window_2,worst_market_window,2022-05-17,2022-06-15 23:59:59,-0.484228073174902,2022-05-17 00:00:00,2022-06-15 23:00:00,-0.20862913991235355,-0.9423158616481451,0.9332387529440166,-2.5823255662762645,-0.40884741662346635,-2.304810604969491,528,0.7913708600876465,-0.1164786365818532,0.003477459874055509,0.003177459874055509,0.00030000000000000003,,
mean_reversion__ETHUSD__entry_z-2__lookback-96,mean_reversion,ETHUSD,96.0,2.0,worst_market_window_3,worst_market_window,2021-05-25,2021-06-23 23:59:59,-0.4428575661501081,2021-05-25 00:00:00,2021-06-23 23:00:00,0.06630800496035705,1.1874777569166994,0.8380827149950913,1.3509293596200005,-0.29448806018972873,4.032346018210883,528,1.066308004960357,-0.0540527848220157,0.00494636059832133,0.00449636059832133,0.00045,,
mean_reversion__SPXUSD__entry_z-1p5__lookback-24,mean_reversion,SPXUSD,24.0,1.5,march_2020,fixed_historical,2020-03-01,2020-03-31 23:59:59,,2020-03-01 23:00:00,2020-03-31 23:00:00,0.2560899721301866,15.053791295823544,0.6424216782917396,4.640735773313604,-0.13313336826698952,113.07301461519575,528,1.2560899721301866,-0.03822694385932779,0.005260027004787964,0.002810027004787964,0.0024500000000000004,,
mean_reversion__SPXUSD__entry_z-1p5__lookback-24,mean_reversion,SPXUSD,24.0,1.5,worst_market_window_1,worst_market_window,2020-02-23,2020-03-23 23:59:59,-0.3503283405887997,2020-02-23 23:00:00,2020-03-23 23:00:00,0.19441431434488488,8.370309077567335,0.6221530585397798,3.905889748712272,-0.15634777785299847,53.536476133592885,503,1.1944143143448849,-0.03822694385932779,0.0045196495706480285,0.0023696495706480285,0.00215,,
mean_reversion__SPXUSD__entry_z-1p5__lookback-24,mean_reversion,SPXUSD,24.0,1.5,worst_market_window_2,worst_market_window,2025-03-09,2025-04-07 23:59:59,-0.1827613245672236,2025-03-09 22:00:00,2025-04-07 23:00:00,-0.05840243872979689,-0.5308512866914814,0.2865758457333986,-2.4979010059375404,-0.12606637225695727,-4.210887306326728,489,0.9415975612702031,-0.02591900852199336,0.002905130042633496,0.0008551300426334954,0.00205,,
mean_reversion__SPXUSD__entry_z-1p5__lookback-24,mean_reversion,SPXUSD,24.0,1.5,worst_market_window_3,worst_market_window,2022-09-01,2022-09-30 23:59:59,-0.12867717150918945,2022-09-01 00:00:00,2022-09-30 20:00:00,0.02856531846799637,0.4117411355119376,0.24024001558331304,1.5544791736903896,-0.04270245878653689,9.64209432459543,501,1.0285653184679964,-0.009016218663704278,0.003800170314343098,0.0017001703143430978,0.0021000000000000003,,
mean_reversion__SPXUSD__entry_z-1p5__lookback-48,mean_reversion,SPXUSD,48.0,1.5,march_2020,fixed_historical,2020-03-01,2020-03-31 23:59:59,,2020-03-01 23:00:00,2020-03-31 23:00:00,0.1553469924284714,4.801281429716042,0.6722016641245121,2.9503409033444976,-0.1645441714794904,29.179285942161112,528,1.1553469924284714,-0.041524296847385234,0.002698193481160429,0.0014481934811604292,0.00125,,
mean_reversion__SPXUSD__entry_z-1p5__lookback-48,mean_reversion,SPXUSD,48.0,1.5,worst_market_window_1,worst_market_window,2020-02-23,2020-03-23 23:59:59,-0.3503283405887997,2020-02-23 23:00:00,2020-03-23 23:00:00,0.028983244070832193,0.433112995423218,0.6533100339948152,0.8761820365442756,-0.2130754640591216,2.0326741858135438,503,1.0289832440708322,-0.041524296847385234,0.0020386789229307153,0.0010886789229307152,0.00095,,
mean_reversion__SPXUSD__entry_z-1p5__lookback-48,mean_reversion,SPXUSD,48.0,1.5,worst_market_window_2,worst_market_window,2025-03-09,2025-04-07 23:59:59,-0.1827613245672236,2025-03-09 22:00:00,2025-04-07 23:00:00,-0.06165505450880793,-0.550830661859014,0.30863252219149656,-2.4393245112766055,-0.1256151209224463,-4.38506652554267,489,0.9383449454911921,-0.02591900852199336,0.001249554353679269,0.00034955435367926894,0.0009,,
mean_reversion__SPXUSD__entry_z-1p5__lookback-48,mean_reversion,SPXUSD,48.0,1.5,worst_market_window_3,worst_market_window,2022-09-01,2022-09-30 23:59:59,-0.12867717150918945,2022-09-01 00:00:00,2022-09-30 20:00:00,0.01542893329739381,0.2061750891460532,0.22126277671654984,0.9571190442620726,-0.06753011219615312,3.0530837642795747,501,1.0154289332973938,-0.009675069432851235,0.0021766004570383944,0.0009766004570383945,0.0012000000000000001,,
mean_reversion__SPXUSD__entry_z-1p5__lookback-96,mean_reversion,SPXUSD,96.0,1.5,march_2020,fixed_historical,2020-03-01,2020-03-31 23:59:59,,2020-03-01 23:00:00,2020-03-31 23:00:00,-0.00606326002394153,-0.07136999798623456,0.7984501523017355,0.30463357669458724,-0.19248960630186418,-0.3707732555404129,528,0.9939367399760585,-0.041524296847385234,0.001392185923810046,0.0007421859238100461,0.0006500000000000001,,
mean_reversion__SPXUSD__entry_z-1p5__lookback-96,mean_reversion,SPXUSD,96.0,1.5,worst_market_window_1,worst_market_window,2020-02-23,2020-03-23 23:59:59,-0.3503283405887997,2020-02-23 23:00:00,2020-03-23 23:00:00,-0.10871823893003985,-0.765335288141341,0.7662286903777582,-1.5103616519824556,-0.21377102465884246,-3.5801638195014545,503,0.8912817610699602,-0.041524296847385234,0.0010596318880633198,0.0005596318880633198,0.0005,,
mean_reversion__SPXUSD__entry_z-1p5__lookback-96,mean_reversion,SPXUSD,96.0,1.5,worst_market_window_2,worst_market_window,2025-03-09,2025-04-07 23:59:59,-0.1827613245672236,2025-03-09 22:00:00,2025-04-07 23:00:00,-0.08410941642820335,-0.668780320001126,0.2908234859302446,-3.653868944952704,-0.1355438265863882,-4.934052231252909,489,0.9158905835717966,-0.02591900852199336,0.0008194038815795917,0.00021940388157959162,0.0006000000000000001,,
mean_reversion__SPXUSD__entry_z-1p5__lookback-96,mean_reversion,SPXUSD,96.0,1.5,worst_market_window_3,worst_market_window,2022-09-01,2022-09-30 23:59:59,-0.12867717150918945,2022-09-01 00:00:00,2022-09-30 20:00:00,0.001538481799911784,0.018999419073587598,0.21422402307290023,0.1943100894383587,-0.05923034084861445,0.32077173288851746,501,1.0015384817999118,-0.011626932301510684,0.0012590699103337,0.0005590699103336998,0.0007000000000000001,,
mean_reversion__SPXUSD__entry_z-2__lookback-24,mean_reversion,SPXUSD,24.0,2.0,march_2020,fixed_historical,2020-03-01,2020-03-31 23:59:59,,2020-03-01 23:00:00,2020-03-31 23:00:00,0.26646643997683483,16.745086726759915,0.6082694311756225,5.031002227620044,-0.1475206704524299,113.5101045528369,528,1.2664664399768348,-0.03822694385932779,0.004187089692646405,0.0022370896926464053,0.0019500000000000001,,
mean_reversion__SPXUSD__entry_z-2__lookback-24,mean_reversion,SPXUSD,24.0,2.0,worst_market_window_1,worst_market_window,2020-02-23,2020-03-23 23:59:59,-0.3503283405887997,2020-02-23 23:00:00,2020-03-23 23:00:00,0.1413340952855464,4.285720646197534,0.594571069297699,3.0956856928784777,-0.17783906574803876,24.098870673722026,503,1.1413340952855464,-0.03822694385932779,0.0034713877821104504,0.0018213877821104505,0.00165,,
mean_reversion__SPXUSD__entry_z-2__lookback-24,mean_reversion,SPXUSD,24.0,2.0,worst_market_window_2,worst_market_window,2025-03-09,2025-04-07 23:59:59,-0.1827613245672236,2025-03-09 22:00:00,2025-04-07 23:00:00,-0.03329403231300787,-0.34679239956913566,0.27677320995038146,-1.4005895395423136,-0.12561512092244642,-2.7607536180556,489,0.9667059676869921,-0.02591900852199336,0.002384661778166061,0.0006846617781660607,0.0017000000000000001,,
mean_reversion__SPXUSD__entry_z-2__lookback-24,mean_reversion,SPXUSD,24.0,2.0,worst_market_window_3,worst_market_window,2022-09-01,2022-09-30 23:59:59,-0.12867717150918945,2022-09-01 00:00:00,2022-09-30 20:00:00,0.017226391742984015,0.2325769385841081,0.22966770117588933,1.0243173798073877,-0.042986096591736245,5.41051542299887,501,1.017226391742984,-0.009016218663704278,0.0030725448636914126,0.0013725448636914125,0.0017000000000000001,,
mean_reversion__SPXUSD__entry_z-2__lookback-48,mean_reversion,SPXUSD,48.0,2.0,march_2020,fixed_historical,2020-03-01,2020-03-31 23:59:59,,2020-03-01 23:00:00,2020-03-31 23:00:00,0.23289157907076108,11.794122075595785,0.639427263732547,4.304795472941171,-0.13089447161712553,90.10405046054447,528,1.232891579070761,-0.041524296847385234,0.002482879949545341,0.0013328799495453411,0.00115,,
mean_reversion__SPXUSD__entry_z-2__lookback-48,mean_reversion,SPXUSD,48.0,2.0,worst_market_window_1,worst_market_window,2020-02-23,2020-03-23 23:59:59,-0.3503283405887997,2020-02-23 23:00:00,2020-03-23 23:00:00,0.1012015852986472,2.367483523155408,0.6254123181797854,2.2524309253505868,-0.16557165188974954,14.298845823751654,503,1.1012015852986472,-0.041524296847385234,0.002039446168985042,0.001089446168985042,0.00095,,
mean_reversion__SPXUSD__entry_z-2__lookback-48,mean_reversion,SPXUSD,48.0,2.0,worst_market_window_2,worst_market_window,2025-03-09,2025-04-07 23:59:59,-0.1827613245672236,2025-03-09 22:00:00,2025-04-07 23:00:00,-0.04616940598763064,-0.4481578525561609,0.30676024255566176,-1.7850795113489923,-0.12561512092244653,-3.5677062543517266,489,0.9538305940123694,-0.02591900852199336,0.0012671081332157798,0.00036710813321577977,0.0009,,
mean_reversion__SPXUSD__entry_z-2__lookback-48,mean_reversion,SPXUSD,48.0,2.0,worst_market_window_3,worst_market_window,2022-09-01,2022-09-30 23:59:59,-0.12867717150918945,2022-09-01 00:00:00,2022-09-30 20:00:00,-0.026307938205549664,-0.2784842527145265,0.20684146788787572,-1.4752721895455974,-0.07872473902540122,-3.5374426916127484,501,0.9736920617944503,-0.009675069432851235,0.0014429772683878161,0.0006429772683878162,0.0008,,
mean_reversion__SPXUSD__entry_z-2__lookback-96,mean_reversion,SPXUSD,96.0,2.0,march_2020,fixed_historical,2020-03-01,2020-03-31 23:59:59,,2020-03-01 23:00:00,2020-03-31 23:00:00,0.03265900316812331,0.4788553365874466,0.7024734650512472,0.9060369095420289,-0.19248960630186385,2.4876945087440285,528,1.0326590031681233,-0.041524296847385234,0.000977163337630084,0.0005271633376300838,0.00045000000000000004,,
mean_reversion__SPXUSD__entry_z-2__lookback-96,mean_reversion,SPXUSD,96.0,2.0,worst_market_window_1,worst_market_window,2020-02-23,2020-03-23 23:59:59,-0.3503283405887997,2020-02-23 23:00:00,2020-03-23 23:00:00,-0.10510230729781578,-0.7530584662576179,0.6820652677812502,-1.7115564482461907,-0.23607105861814537,-3.1899652192254573,503,0.8948976927021842,-0.041524296847385234,0.0006465257785093098,0.00034652577850930973,0.00030000000000000003,,
mean_reversion__SPXUSD__entry_z-2__lookback-96,mean_reversion,SPXUSD,96.0,2.0,worst_market_window_2,worst_market_window,2025-03-09,2025-04-07 23:59:59,-0.1827613245672236,2025-03-09 22:00:00,2025-04-07 23:00:00,-0.08630645061898612,-0.6786353276509691,0.284623726042231,-3.845810818070918,-0.13761748014663788,-4.931316333708852,489,0.9136935493810139,-0.02591900852199336,0.0005492507007280158,0.00014925070072801576,0.0004,,
mean_reversion__SPXUSD__entry_z-2__lookback-96,mean_reversion,SPXUSD,96.0,2.0,worst_market_window_3,worst_market_window,2022-09-01,2022-09-30 23:59:59,-0.12867717150918945,2022-09-01 00:00:00,2022-09-30 20:00:00,0.015284483486933675,0.20407605757262837,0.1875316668597807,1.0833615702710453,-0.05336272040591783,3.824318850693315,501,1.0152844834869337,-0.011626932301510684,0.0008999961084102226,0.00039999610841022254,0.0005,,
mean_reversion__USDJPY__entry_z-1p5__lookback-24,mean_reversion,USDJPY,24.0,1.5,march_2020,fixed_historical,2020-03-01,2020-03-31 23:59:59,,2020-03-01 21:00:00,2020-03-31 23:00:00,-0.044875273419800576,-0.4273304853722062,0.1777246338862285,-3.0475761995533204,-0.07708797147526358,-5.543413287367801,532,0.9551247265801994,-0.018399723427956927,0.0022958615025025263,0.0005958615025025261,0.0017000000000000001,,
mean_reversion__USDJPY__entry_z-1p5__lookback-24,mean_reversion,USDJPY,24.0,1.5,worst_market_window_1,worst_market_window,2024-07-09,2024-08-07 23:59:59,-0.1037365468213961,2024-07-09 00:00:00,2024-08-07 23:00:00,-0.043673676838801745,-0.4198357175784698,0.14732849268947493,-3.6217647743631436,-0.08137551161761081,-5.159239054020417,528,0.9563263231611983,-0.010502932767808004,0.004000495276133709,0.0021004952761337096,0.0019000000000000002,,
mean_reversion__USDJPY__entry_z-1p5__lookback-24,mean_reversion,USDJPY,24.0,1.5,worst_market_window_2,worst_market_window,2022-11-05,2022-12-04 23:59:59,-0.09084817802804668,2022-11-06 21:00:00,2022-12-04 23:00:00,-0.04771814022253029,-0.4705491766520914,0.1257578620451545,-4.99363943216118,-0.06430876966168309,-7.317029685493383,487,0.9522818597774697,-0.011402724236309381,0.002377835247636341,0.0006278352476363411,0.00175,,
mean_reversion__USDJPY__entry_z-1p5__lookback-24,mean_reversion,USDJPY,24.0,1.5,worst_market_window_3,worst_market_window,2023-11-18,2023-12-17 23:59:59,-0.06193901206681374,2023-11-19 22:00:00,2023-12-17 23:00:00,-0.049333418996715284,-0.48261724671858397,0.10372155184779483,-6.301055310264843,-0.06365883168809305,-7.581308577625911,482,0.9506665810032847,-0.013188828448709833,0.002355566291557399,0.0006055662915573986,0.00175,,
mean_reversion__USDJPY__entry_z-1p5__lookback-48,mean_reversion,USDJPY,48.0,1.5,march_2020,fixed_historical,2020-03-01,2020-03-31 23:59:59,,2020-03-01 21:00:00,2020-03-31 23:00:00,-0.02122692030702744,-0.22933115905453116,0.17695043643250866,-1.3836482055847066,-0.05135749663966982,-4.465388191787175,532,0.9787730796929726,-0.018399723427956927,0.0013625717996240756,0.0003125717996240756,0.0010500000000000002,,
mean_reversion__USDJPY__entry_z-1p5__lookback-48,mean_reversion,USDJPY,48.0,1.5,worst_market_window_1,worst_market_window,2024-07-09,2024-08-07 23:59:59,-0.1037365468213961,2024-07-09 00:00:00,2024-08-07 23:00:00,-0.03477792950288883,-0.35050414656451945,0.15381020400587972,-2.7290268914427918,-0.08004611639697101,-4.378777663944015,528,0.9652220704971112,-0.010502932767808004,0.0015582846457310076,0.0006082846457310075,0.0009500000000000001,,
mean_reversion__USDJPY__entry_z-1p5__lookback-48,mean_reversion,USDJPY,48.0,1.5,worst_market_window_2,worst_market_window,2022-11-05,2022-12-04 23:59:59,-0.09084817802804668,2022-11-06 21:00:00,2022-12-04 23:00:00,-0.025087158261839937,-0.2813957215838073,0.12304579165903484,-2.6240790690288476,-0.0437027825321179,-6.438851379245817,487,0.9749128417381601,-0.011402724236309381,0.0012934078880118584,0.0002934078880118582,0.001,,
mean_reversion__USDJPY__entry_z-1p5__lookback-48,mean_reversion,USDJPY,48.0,1.5,worst_market_window_3,worst_market_window,2023-11-18,2023-12-17 23:59:59,-0.06193901206681374,2023-11-19 22:00:00,2023-12-17 23:00:00,-0.040492336204213664,-0.4163179121182098,0.10276191076890528,-5.187656136099401,-0.05014259540749533,-8.302679762284074,482,0.9595076637957863,-0.013188828448709833,0.0011154046446563478,0.0002654046446563476,0.0008500000000000001,,
mean_reversion__USDJPY__entry_z-1p5__lookback-96,mean_reversion,USDJPY,96.0,1.5,march_2020,fixed_historical,2020-03-01,2020-03-31 23:59:59,,2020-03-01 21:00:00,2020-03-31 23:00:00,-0.06678209241048072,-0.5679279761609408,0.18566541152367042,-4.426657967111334,-0.0792986103269786,-7.161890653810398,532,0.9332179075895193,-0.018399723427956927,0.0003786082793058662,7.86082793058662e-05,0.00030000000000000003,,
mean_reversion__USDJPY__entry_z-1p5__lookback-96,mean_reversion,USDJPY,96.0,1.5,worst_market_window_1,worst_market_window,2024-07-09,2024-08-07 23:59:59,-0.1037365468213961,2024-07-09 00:00:00,2024-08-07 23:00:00,-0.03338348598793983,-0.33897129520789715,0.163341970273224,-2.452853925424483,-0.08414819475272917,-4.028265801827001,528,0.9666165140120602,-0.010502932767808004,0.0012624572146120896,0.0007124572146120897,0.00055,,
mean_reversion__USDJPY__entry_z-1p5__lookback-96,mean_reversion,USDJPY,96.0,1.5,worst_market_window_2,worst_market_window,2022-11-05,2022-12-04 23:59:59,-0.09084817802804668,2022-11-06 21:00:00,2022-12-04 23:00:00,-0.048033481536755906,-0.47282489988182375,0.13771807286503865,-4.579842811097877,-0.05615457633998944,-8.420059961259298,487,0.9519665184632441,-0.011402724236309381,0.000824328234871452,0.00022432823487145192,0.0006000000000000001,,
mean_reversion__USDJPY__entry_z-1p5__lookback-96,mean_reversion,USDJPY,96.0,1.5,worst_market_window_3,worst_market_window,2023-11-18,2023-12-17 23:59:59,-0.06193901206681374,2023-11-19 22:00:00,2023-12-17 23:00:00,-0.004302668575433377,-0.054616195882154384,0.08887989405596021,-0.5875370889663067,-0.02383246451085408,-2.291672179236033,482,0.9956973314245666,-0.007099377417878805,0.0005475030053032925,0.00014750300530329253,0.0004,,
mean_reversion__USDJPY__entry_z-2__lookback-24,mean_reversion,USDJPY,24.0,2.0,march_2020,fixed_historical,2020-03-01,2020-03-31 23:59:59,,2020-03-01 21:00:00,2020-03-31 23:00:00,-0.04301425427147698,-0.4136349682803381,0.16893579095868475,-3.075240136631843,-0.06886961909733846,-6.006058603224123,532,0.956985745728523,-0.018399723427956927,0.0018053608113453561,0.0005053608113453562,0.0013000000000000002,,
mean_reversion__USDJPY__entry_z-2__lookback-24,mean_reversion,USDJPY,24.0,2.0,worst_market_window_1,worst_market_window,2024-07-09,2024-08-07 23:59:59,-0.1037365468213961,2024-07-09 00:00:00,2024-08-07 23:00:00,-0.0497359286283906,-0.46311743833970265,0.13220842889225462,-4.638261491486777,-0.0720439187038393,-6.428265517364515,528,0.9502640713716094,-0.008560091447792018,0.0027982872503178424,0.0012982872503178424,0.0015,,
mean_reversion__USDJPY__entry_z-2__lookback-24,mean_reversion,USDJPY,24.0,2.0,worst_market_window_2,worst_market_window,2022-11-05,2022-12-04 23:59:59,-0.09084817802804668,2022-11-06 21:00:00,2022-12-04 23:00:00,-0.04221769414502441,-0.42936638908417113,0.12217581220818477,-4.5306266358526335,-0.06087467030617122,-7.053284837924514,487,0.9577823058549756,-0.011402724236309381,0.0020568526586073384,0.0005068526586073385,0.0015500000000000002,,
mean_reversion__USDJPY__entry_z-2__lookback-24,mean_reversion,USDJPY,24.0,2.0,worst_market_window_3,worst_market_window,2023-11-18,2023-12-17 23:59:59,-0.06193901206681374,2023-11-19 22:00:00,2023-12-17 23:00:00,-0.051932667856680936,-0.500742812565951,0.10108789542877106,-6.820618248086063,-0.0628710743373917,-7.964597676170792,482,0.9480673321433191,-0.013188828448709833,0.0018251352378279386,0.0004751352378279388,0.00135,,
mean_reversion__USDJPY__entry_z-2__lookback-48,mean_reversion,USDJPY,48.0,2.0,march_2020,fixed_historical,2020-03-01,2020-03-31 23:59:59,,2020-03-01 21:00:00,2020-03-31 23:00:00,-0.017508616948739175,-0.19302282515383173,0.16465221785243422,-1.2201434150445416,-0.045697901028994625,-4.223888205091995,532,0.9824913830512608,-0.018399723427956927,0.0009898356875259057,0.0002398356875259055,0.00075,,
mean_reversion__USDJPY__entry_z-2__lookback-48,mean_reversion,USDJPY,48.0,2.0,worst_market_window_1,worst_market_window,2024-07-09,2024-08-07 23:59:59,-0.1037365468213961,2024-07-09 00:00:00,2024-08-07 23:00:00,-0.030568970880812785,-0.3151189595157581,0.15132702996288644,-2.425774775612736,-0.08212914568773355,-3.8368712699616316,528,0.9694310291191872,-0.010502932767808004,0.0017926344730334644,0.0009426344730334642,0.0008500000000000001,,
mean_reversion__USDJPY__entry_z-2__lookback-48,mean_reversion,USDJPY,48.0,2.0,worst_market_window_2,worst_market_window,2022-11-05,2022-12-04 23:59:59,-0.09084817802804668,2022-11-06 21:00:00,2022-12-04 23:00:00,-0.03534964283803721,-0.37379530043002485,0.11694189166094839,-3.9441624235874904,-0.0437027825321179,-8.553123594711995,487,0.9646503571619628,-0.011402724236309381,0.0009033757260651304,0.0002033757260651304,0.0007,,
mean_reversion__USDJPY__entry_z-2__lookback-48,mean_reversion,USDJPY,48.0,2.0,worst_market_window_3,worst_market_window,2023-11-18,2023-12-17 23:59:59,-0.06193901206681374,2023-11-19 22:00:00,2023-12-17 23:00:00,-0.020238960585880927,-0.23380758637117693,0.0895771485247619,-2.9283066105121316,-0.03643526744344305,-6.417067933811841,482,0.9797610394141191,-0.007099377417878805,0.0009903749047651448,0.00024037490476514476,0.00075,,
mean_reversion__USDJPY__entry_z-2__lookback-96,mean_reversion,USDJPY,96.0,2.0,march_2020,fixed_historical,2020-03-01,2020-03-31 23:59:59,,2020-03-01 21:00:00,2020-03-31 23:00:00,-0.047453053766280284,-0.445816157696592,0.17708422885243516,-3.2445282795270978,-0.06022881687785098,-7.402040763987512,532,0.9525469462337197,-0.018399723427956927,0.00037855439412716246,7.855439412716243e-05,0.00030000000000000003,,
mean_reversion__USDJPY__entry_z-2__lookback-96,mean_reversion,USDJPY,96.0,2.0,worst_market_window_1,worst_market_window,2024-07-09,2024-08-07 23:59:59,-0.1037365468213961,2024-07-09 00:00:00,2024-08-07 23:00:00,-0.02577382049855592,-0.272654112851593,0.1625350736563139,-1.8776605048624428,-0.0773612686338353,-3.524426598303521,528,0.9742261795014441,-0.010502932767808004,0.0008922415826659992,0.0003422415826659992,0.00055,,
mean_reversion__USDJPY__entry_z-2__lookback-96,mean_reversion,USDJPY,96.0,2.0,worst_market_window_2,worst_market_window,2022-11-05,2022-12-04 23:59:59,-0.09084817802804668,2022-11-06 21:00:00,2022-12-04 23:00:00,-0.042875507559935744,-0.4344426636792974,0.13480713885462695,-4.160398126803207,-0.051040604326311745,-8.51170689323793,487,0.9571244924400643,-0.011402724236309381,0.0006889405107460206,0.00018894051074602058,0.0005,,
mean_reversion__USDJPY__entry_z-2__lookback-96,mean_reversion,USDJPY,96.0,2.0,worst_market_window_3,worst_market_window,2023-11-18,2023-12-17 23:59:59,-0.06193901206681374,2023-11-19 22:00:00,2023-12-17 23:00:00,0.0005050877101107076,0.006598915389761206,0.08818111738712613,0.11861142949935109,-0.02116483347951381,0.31178678519481523,482,1.0005050877101107,-0.007099377417878805,0.000527584257419281,0.0001275842574192809,0.0004,,
mean_reversion__XAUUSD__entry_z-1p5__lookback-24,mean_reversion,XAUUSD,24.0,1.5,march_2020,fixed_historical,2020-03-01,2020-03-31 23:59:59,,2020-03-01 23:00:00,2020-03-31 23:00:00,-0.07155774696251649,-0.59503651189651,0.3343714883232026,-2.536006695962878,-0.11075262004300057,-5.372663072579975,509,0.9284422530374835,-0.03241544153760523,0.009726973440818003,0.0074269734408180035,0.0023,,
mean_reversion__XAUUSD__entry_z-1p5__lookback-24,mean_reversion,XAUUSD,24.0,1.5,worst_market_window_1,worst_market_window,2026-03-01,2026-03-30 23:59:59,-0.13878127123714157,2026-03-01 23:00:00,2026-03-30 23:00:00,-0.08498972720611375,-0.6732867546516649,0.35371567864506537,-2.9854261495112326,-0.13897125484148332,-4.844791503247525,497,0.9150102727938862,-0.025009912123703182,0.0037202459385697753,0.0019702459385697755,0.00175,,
mean_reversion__XAUUSD__entry_z-1p5__lookback-24,mean_reversion,XAUUSD,24.0,1.5,worst_market_window_2,worst_market_window,2021-02-08,2021-03-09 23:59:59,-0.09317198165414209,2021-02-08 00:00:00,2021-03-09 23:00:00,-0.037504169065846416,-0.3725198767135959,0.15596133966441053,-2.9102075547667345,-0.05569816389395299,-6.688189532115608,506,0.9624958309341536,-0.00941736920167402,0.0038815358353018817,0.0019815358353018815,0.0019000000000000002,,
mean_reversion__XAUUSD__entry_z-1p5__lookback-24,mean_reversion,XAUUSD,24.0,1.5,worst_market_window_3,worst_market_window,2022-06-19,2022-07-18 23:59:59,-0.08880506361485851,2022-06-19 22:00:00,2022-07-18 23:00:00,0.03386947782787253,0.5203086955079463,0.1288514417286327,3.3155121057991703,-0.04165776251196518,12.490077818233765,490,1.0338694778278725,-0.01043830232727394,0.003913757222427004,0.0016637572224270044,0.0022500000000000003,,
mean_reversion__XAUUSD__entry_z-1p5__lookback-48,mean_reversion,XAUUSD,48.0,1.5,march_2020,fixed_historical,2020-03-01,2020-03-31 23:59:59,,2020-03-01 23:00:00,2020-03-31 23:00:00,-0.11614112001472165,-0.7775603682372273,0.3653446121450285,-3.9311259792560143,-0.13265035394880587,-5.861728560010578,509,0.8838588799852783,-0.03241544153760523,0.003091198691722326,0.002191198691722326,0.0009000000000000001,,
mean_reversion__XAUUSD__entry_z-1p5__lookback-48,mean_reversion,XAUUSD,48.0,1.5,worst_market_window_1,worst_market_window,2026-03-01,2026-03-30 23:59:59,-0.13878127123714157,2026-03-01 23:00:00,2026-03-30 23:00:00,-0.059592628784402635,-0.5387674691558353,0.38764435136938613,-1.802417910986916,-0.1678342906827529,-3.2101155667540855,497,0.9404073712155974,-0.025009912123703182,0.0023184534884583205,0.0012184534884583202,0.0011,,
mean_reversion__XAUUSD__entry_z-1p5__lookback-48,mean_reversion,XAUUSD,48.0,1.5,worst_market_window_2,worst_market_window,2021-02-08,2021-03-09 23:59:59,-0.09317198165414209,2021-02-08 00:00:00,2021-03-09 23:00:00,-0.062397700514086774,-0.5441169796357217,0.1659390939567453,-4.650621969654924,-0.07553563440866307,-7.203447536985507,506,0.9376022994859132,-0.00941736920167402,0.0018320599150070782,0.0008820599150070783,0.0009500000000000001,,
mean_reversion__XAUUSD__entry_z-1p5__lookback-48,mean_reversion,XAUUSD,48.0,1.5,worst_market_window_3,worst_market_window,2022-06-19,2022-07-18 23:59:59,-0.08880506361485851,2022-06-19 22:00:00,2022-07-18 23:00:00,0.03266326388160179,0.4981508084183448,0.13467391521860203,3.068836027637576,-0.0348827892625897,14.28070458094331,490,1.0326632638816018,-0.010527491448373923,0.002752626916408836,0.0011526269164088359,0.0016,,
mean_reversion__XAUUSD__entry_z-1p5__lookback-96,mean_reversion,XAUUSD,96.0,1.5,march_2020,fixed_historical,2020-03-01,2020-03-31 23:59:59,,2020-03-01 23:00:00,2020-03-31 23:00:00,-0.13155352287186184,-0.8204453203245988,0.3835066951636044,-4.285621747470534,-0.15660623219629333,-5.238905941471324,509,0.8684464771281382,-0.03241544153760523,0.0008411792449184671,0.00044117924491846706,0.0004,,
mean_reversion__XAUUSD__entry_z-1p5__lookback-96,mean_reversion,XAUUSD,96.0,1.5,worst_market_window_1,worst_market_window,2026-03-01,2026-03-30 23:59:59,-0.13878127123714157,2026-03-01 23:00:00,2026-03-30 23:00:00,-0.06926471278196134,-0.5950782466349639,0.354091434204028,-2.3760471435046537,-0.17954548115995173,-3.3143593633795017,497,0.9307352872180387,-0.025009912123703182,0.0008165875364777616,0.00046658753647776165,0.00035000000000000005,,
mean_reversion__XAUUSD__entry_z-1p5__lookback-96,mean_reversion,XAUUSD,96.0,1.5,worst_market_window_2,worst_market_window,2021-02-08,2021-03-09 23:59:59,-0.09317198165414209,2021-02-08 00:00:00,2021-03-09 23:00:00,-0.045081900118685514,-0.4301660296531411,0.1683112510497298,-3.2573038062823385,-0.07010051224493219,-6.136417778947675,506,0.9549180998813145,-0.00941736920167402,0.0008487464942958345,0.0003987464942958344,0.00045000000000000004,,
mean_reversion__XAUUSD__entry_z-1p5__lookback-96,mean_reversion,XAUUSD,96.0,1.5,worst_market_window_3,worst_market_window,2022-06-19,2022-07-18 23:59:59,-0.08880506361485851,2022-06-19 22:00:00,2022-07-18 23:00:00,-0.008784107020471055,-0.10502872761399684,0.1337317312049717,-0.7630147120012865,-0.04709415192176014,-2.2301861978210438,490,0.991215892979529,-0.010527491448373923,0.0012159748885268123,0.0005659748885268124,0.00065,,
mean_reversion__XAUUSD__entry_z-2__lookback-24,mean_reversion,XAUUSD,24.0,2.0,march_2020,fixed_historical,2020-03-01,2020-03-31 23:59:59,,2020-03-01 23:00:00,2020-03-31 23:00:00,-0.10321447741799883,-0.7345494891974307,0.3092345947252212,-4.133826017430681,-0.1131931207590744,-6.489347446837169,509,0.8967855225820012,-0.03241544153760523,0.00496307294354882,0.0037630729435488204,0.0012000000000000001,,
mean_reversion__XAUUSD__entry_z-2__lookback-24,mean_reversion,XAUUSD,24.0,2.0,worst_market_window_1,worst_market_window,2026-03-01,2026-03-30 23:59:59,-0.13878127123714157,2026-03-01 23:00:00,2026-03-30 23:00:00,-0.08934400078775995,-0.6923371323694019,0.34683678672811846,-3.2247454598684757,-0.1413232823069961,-4.898960178871591,497,0.91065599921224,-0.025009912123703182,0.0028105547198123085,0.001460554719812309,0.00135,,
mean_reversion__XAUUSD__entry_z-2__lookback-24,mean_reversion,XAUUSD,24.0,2.0,worst_market_window_2,worst_market_window,2021-02-08,2021-03-09 23:59:59,-0.09317198165414209,2021-02-08 00:00:00,2021-03-09 23:00:00,-0.01739552308395209,-0.19261237448961865,0.14516420239173622,-1.4013764596984208,-0.04850311713720312,-3.9711339365007547,506,0.9826044769160479,-0.00941736920167402,0.0032671273675213097,0.0016671273675213092,0.0016,,
mean_reversion__XAUUSD__entry_z-2__lookback-24,mean_reversion,XAUUSD,24.0,2.0,worst_market_window_3,worst_market_window,2022-06-19,2022-07-18 23:59:59,-0.08880506361485851,2022-06-19 22:00:00,2022-07-18 23:00:00,0.04741600670252133,0.7907476191473213,0.12213273664800764,4.8316327328005295,-0.038715115086252916,20.424777696918238,490,1.0474160067025213,-0.01043830232727394,0.0032177999791504182,0.0013677999791504181,0.00185,,
mean_reversion__XAUUSD__entry_z-2__lookback-48,mean_reversion,XAUUSD,48.0,2.0,march_2020,fixed_historical,2020-03-01,2020-03-31 23:59:59,,2020-03-01 23:00:00,2020-03-31 23:00:00,-0.123771926202903,-0.7998461415138116,0.3573318948062089,-4.322696802115451,-0.1357734178153821,-5.891036363254863,509,0.876228073797097,-0.03241544153760523,0.003105202758302753,0.002405202758302753,0.0007000000000000001,,
mean_reversion__XAUUSD__entry_z-2__lookback-48,mean_reversion,XAUUSD,48.0,2.0,worst_market_window_1,worst_market_window,2026-03-01,2026-03-30 23:59:59,-0.13878127123714157,2026-03-01 23:00:00,2026-03-30 23:00:00,-0.03580944999879998,-0.3682662396812799,0.3785598181973795,-1.0240102644187303,-0.16968202254540055,-2.1703315068792612,497,0.9641905500012,-0.025009912123703182,0.0017612825290110982,0.0008612825290110983,0.0009,,
mean_reversion__XAUUSD__entry_z-2__lookback-48,mean_reversion,XAUUSD,48.0,2.0,worst_market_window_2,worst_market_window,2021-02-08,2021-03-09 23:59:59,-0.09317198165414209,2021-02-08 00:00:00,2021-03-09 23:00:00,-0.054958675780629185,-0.49800685526830946,0.16041400070620176,-4.215853439030476,-0.07519258318103572,-6.6230848070386745,506,0.9450413242193708,-0.00941736920167402,0.0014101289614881515,0.0006601289614881515,0.00075,,
mean_reversion__XAUUSD__entry_z-2__lookback-48,mean_reversion,XAUUSD,48.0,2.0,worst_market_window_3,worst_market_window,2022-06-19,2022-07-18 23:59:59,-0.08880506361485851,2022-06-19 22:00:00,2022-07-18 23:00:00,0.00697083596770165,0.09129641170517866,0.12427030455305477,0.7650451176528577,-0.034882789262589586,2.617233702784498,490,1.0069708359677016,-0.010527491448373923,0.0016293266580021453,0.0006293266580021453,0.001,,
mean_reversion__XAUUSD__entry_z-2__lookback-96,mean_reversion,XAUUSD,96.0,2.0,march_2020,fixed_historical,2020-03-01,2020-03-31 23:59:59,,2020-03-01 23:00:00,2020-03-31 23:00:00,-0.12038697222942762,-0.7902263788776474,0.36025267512937237,-4.154545569701229,-0.14714623646212655,-5.370347199338944,509,0.8796130277705724,-0.03241544153760523,0.0008723384343007387,0.0005723384343007386,0.00030000000000000003,,
mean_reversion__XAUUSD__entry_z-2__lookback-96,mean_reversion,XAUUSD,96.0,2.0,worst_market_window_1,worst_market_window,2026-03-01,2026-03-30 23:59:59,-0.13878127123714157,2026-03-01 23:00:00,2026-03-30 23:00:00,-0.057247590897348544,-0.5240702786322942,0.3496544881548915,-1.9486264968341895,-0.1669414641686513,-3.1392457304846464,497,0.9427524091026515,-0.025009912123703182,0.0007629199695359909,0.0004129199695359909,0.00035000000000000005,,
mean_reversion__XAUUSD__entry_z-2__lookback-96,mean_reversion,XAUUSD,96.0,2.0,worst_market_window_2,worst_market_window,2021-02-08,2021-03-09 23:59:59,-0.09317198165414209,2021-02-08 00:00:00,2021-03-09 23:00:00,-0.04679336338576112,-0.4424934251366929,0.16037713013666907,-3.5629189807368795,-0.06714935683343315,-6.5896897007415385,506,0.9532066366142389,-0.00941736920167402,0.0006954354802627947,0.0003454354802627947,0.00035000000000000005,,
mean_reversion__XAUUSD__entry_z-2__lookback-96,mean_reversion,XAUUSD,96.0,2.0,worst_market_window_3,worst_market_window,2022-06-19,2022-07-18 23:59:59,-0.08880506361485851,2022-06-19 22:00:00,2022-07-18 23:00:00,-0.010329753540597175,-0.12242289320301947,0.12893213410356538,-0.9485172717010207,-0.047094151921759586,-2.599534936023652,490,0.9896702464594028,-0.010527491448373923,0.000946905053355967,0.000446905053355967,0.0005,,
trend__ETHUSD__fast_window-12__slow_window-120,trend,ETHUSD,,,march_2020,fixed_historical,2020-03-01,2020-03-31 23:59:59,,2020-03-01 22:00:00,2020-03-31 23:00:00,-0.37069069837406876,-0.9964143534936271,1.9924719589937403,-1.8412631045330945,-0.5753362854408609,-1.7318816468008935,534,0.6293093016259312,-0.17310252996005326,0.005159256163758588,0.0045592561637585885,0.0006000000000000001,12.0,120.0
trend__ETHUSD__fast_window-12__slow_window-120,trend,ETHUSD,,,worst_market_window_1,worst_market_window,2020-02-19,2020-03-19 23:59:59,-0.5548631705394349,2020-02-19 00:00:00,2020-03-19 23:00:00,-0.00818365588854253,-0.09533004086399888,1.9398852197513752,0.9014538607939172,-0.3816729279340316,-0.24976893535523623,530,0.9918163441114575,-0.17310252996005326,0.003904487473192578,0.0033044874731925776,0.0006000000000000001,12.0,120.0
trend__ETHUSD__fast_window-12__slow_window-120,trend,ETHUSD,,,worst_market_window_2,worst_market_window,2022-05-17,2022-06-15 23:59:59,-0.484228073174902,2022-05-17 00:00:00,2022-06-15 23:00:00,0.10702711964772216,2.454415397763834,1.0941574000592287,1.6740155790273903,-0.2620535015771538,9.36608510472891,528,1.1070271196477222,-0.06106539627544394,0.006228408812929889,0.005628408812929888,0.0006000000000000001,12.0,120.0
trend__ETHUSD__fast_window-12__slow_window-120,trend,ETHUSD,,,worst_market_window_3,worst_market_window,2021-05-25,2021-06-23 23:59:59,-0.4428575661501081,2021-05-25 00:00:00,2021-06-23 23:00:00,-0.16963004236582802,-0.8963032653794434,1.15373394524112,-1.386181877425102,-0.39458864803250004,-2.2714877122000225,528,0.830369957634172,-0.053773309415543924,0.009610952802717152,0.008610952802717151,0.001,12.0,120.0
trend__ETHUSD__fast_window-12__slow_window-240,trend,ETHUSD,,,march_2020,fixed_historical,2020-03-01,2020-03-31 23:59:59,,2020-03-01 22:00:00,2020-03-31 23:00:00,-0.10266283802023302,-0.7320649751806347,1.9924204876750171,0.3170974250887523,-0.4336283694414491,-1.6882312753743438,534,0.897337161979767,-0.17310252996005326,0.004745586952833646,0.004545586952833645,0.0002,12.0,240.0
trend__ETHUSD__fast_window-12__slow_window-240,trend,ETHUSD,,,worst_market_window_1,worst_market_window,2020-02-19,2020-03-19 23:59:59,-0.5548631705394349,2020-02-19 00:00:00,2020-03-19 23:00:00,-0.07587961324600856,-0.617910780757889,1.939576657615744,0.456753813283722,-0.3885668597536256,-1.590230266033704,530,0.9241203867539914,-0.17310252996005326,0.005488544557816567,0.005188544557816567,0.00030000000000000003,12.0,240.0
trend__ETHUSD__fast_window-12__slow_window-240,trend,ETHUSD,,,worst_market_window_2,worst_market_window,2022-05-17,2022-06-15 23:59:59,-0.484228073174902,2022-05-17 00:00:00,2022-06-15 23:00:00,0.48167173361442117,119.72492189644758,1.0926285171019947,4.9277641674851544,-0.18008929926220463,664.8086387527761,528,1.4816717336144212,-0.06106539627544394,0.0,0.0,0.0,12.0,240.0
trend__ETHUSD__fast_window-12__slow_window-240,trend,ETHUSD,,,worst_market_window_3,worst_market_window,2021-05-25,2021-06-23 23:59:59,-0.4428575661501081,2021-05-25 00:00:00,2021-06-23 23:00:00,-0.09796382804066639,-0.7154926914473618,1.1540232667498487,-0.5127520565510527,-0.36502639752711985,-1.9601121899525196,528,0.9020361719593336,-0.053773309415543924,0.0062689094206404335,0.005668909420640434,0.0006000000000000001,12.0,240.0
trend__ETHUSD__fast_window-12__slow_window-72,trend,ETHUSD,,,march_2020,fixed_historical,2020-03-01,2020-03-31 23:59:59,,2020-03-01 22:00:00,2020-03-31 23:00:00,-0.20831125202381917,-0.9415729796150665,1.992759510646149,-0.4416129784645145,-0.44415606733609436,-2.1199147075988836,534,0.7916887479761808,-0.17310252996005326,0.011971908966204172,0.010871908966204174,0.0011,12.0,72.0
trend__ETHUSD__fast_window-12__slow_window-72,trend,ETHUSD,,,worst_market_window_1,worst_market_window,2020-02-19,2020-03-19 23:59:59,-0.5548631705394349,2020-02-19 00:00:00,2020-03-19 23:00:00,0.16929021419578505,5.731383455847795,1.9392255651301837,1.9356167543334153,-0.31829427836908775,18.00655508234363,530,1.169290214195785,-0.17310252996005326,0.005398638735734481,0.004598638735734481,0.0008,12.0,72.0
trend__ETHUSD__fast_window-12__slow_window-72,trend,ETHUSD,,,worst_market_window_2,worst_market_window,2022-05-17,2022-06-15 23:59:59,-0.484228073174902,2022-05-17 00:00:00,2022-06-15 23:00:00,-0.0006758401834702221,-0.008208707092689949,1.094960963886319,0.5339972534394624,-0.2908606466324354,-0.028222130383500816,528,0.9993241598165298,-0.06106539627544394,0.011082231879322772,0.010082231879322773,0.001,12.0,72.0
trend__ETHUSD__fast_window-12__slow_window-72,trend,ETHUSD,,,worst_market_window_3,worst_market_window,2021-05-25,2021-06-23 23:59:59,-0.4428575661501081,2021-05-25 00:00:00,2021-06-23 23:00:00,-0.23912243224033713,-0.9642729032640299,1.1533124765594498,-2.309946715683251,-0.40585072752474427,-2.3759299611092586,528,0.7608775677596629,-0.053773309415543924,0.01140266848782309,0.010202668487823089,0.0012000000000000001,12.0,72.0
trend__ETHUSD__fast_window-24__slow_window-120,trend,ETHUSD,,,march_2020,fixed_historical,2020-03-01,2020-03-31 23:59:59,,2020-03-01 22:00:00,2020-03-31 23:00:00,-0.3583127671812816,-0.9954562339095893,1.9926115544717105,-1.7222548628206813,-0.5486055064758659,-1.8145210395429763,534,0.6416872328187184,-0.17310252996005326,0.005295339750024305,0.0046953397500243054,0.0006000000000000001,24.0,120.0
trend__ETHUSD__fast_window-24__slow_window-120,trend,ETHUSD,,,worst_market_window_1,worst_market_window,2020-02-19,2020-03-19 23:59:59,-0.5548631705394349,2020-02-19 00:00:00,2020-03-19 23:00:00,-0.15560798931821984,-0.8728165034971342,1.940430517168752,-0.10942978151275212,-0.38856685975362504,-2.2462453541471676,530,0.8443920106817802,-0.17310252996005326,0.0035469855950058604,0.00304698559500586,0.0005,24.0,120.0
trend__ETHUSD__fast_window-24__slow_window-120,trend,ETHUSD,,,worst_market_window_2,worst_market_window,2022-05-17,2022-06-15 23:59:59,-0.484228073174902,2022-05-17 00:00:00,2022-06-15 23:00:00,-0.03806410812300076,-0.3769559744260288,1.094858421309914,0.1091503298157581,-0.3480360888778097,-1.0830945021864455,528,0.9619358918769992,-0.06106539627544394,0.006017274784157868,0.0054172747841578685,0.0006000000000000001,24.0,120.0
trend__ETHUSD__fast_window-24__slow_window-120,trend,ETHUSD,,,worst_market_window_3,worst_market_window,2021-05-25,2021-06-23 23:59:59,-0.4428575661501081,2021-05-25 00:00:00,2021-06-23 23:00:00,-0.12153356175123065,-0.7939839397150747,1.1537243685718888,-0.791228474008916,-0.35604447588590216,-2.2300133648738716,528,0.8784664382487694,-0.053773309415543924,0.006106497947007107,0.005506497947007107,0.0006000000000000001,24.0,120.0
trend__ETHUSD__fast_window-24__slow_window-240,trend,ETHUSD,,,march_2020,fixed_historical,2020-03-01,2020-03-31 23:59:59,,2020-03-01 22:00:00,2020-03-31 23:00:00,-0.09441524774340437,-0.7005397950771882,1.9924077636655615,0.37292032619545323,-0.43362836944144945,-1.6155303583562661,534,0.9055847522565956,-0.17310252996005326,0.005000363162331325,0.004800363162331325,0.0002,24.0,240.0
trend__ETHUSD__fast_window-24__slow_window-240,trend,ETHUSD,,,worst_market_window_1,worst_market_window,2020-02-19,2020-03-19 23:59:59,-0.5548631705394349,2020-02-19 00:00:00,2020-03-19 23:00:00,-0.08585729076978199,-0.6652772050329698,1.9395271572402644,0.3884846661167279,-0.3885668597536257,-1.7121305853381186,530,0.914142709230218,-0.17310252996005326,0.005912479944724634,0.005612479944724633,0.00030000000000000003,24.0,240.0
trend__ETHUSD__fast_window-24__slow_window-240,trend,ETHUSD,,,worst_market_window_2,worst_market_window,2022-05-17,2022-06-15 23:59:59,-0.484228073174902,2022-05-17 00:00:00,2022-06-15 23:00:00,0.48167173361442117,119.72492189644758,1.0926285171019947,4.9277641674851544,-0.18008929926220463,664.8086387527761,528,1.4816717336144212,-0.06106539627544394,0.0,0.0,0.0,24.0,240.0
trend__ETHUSD__fast_window-24__slow_window-240,trend,ETHUSD,,,worst_market_window_3,worst_market_window,2021-05-25,2021-06-23 23:59:59,-0.4428575661501081,2021-05-25 00:00:00,2021-06-23 23:00:00,-0.09082894361065796,-0.6868085240212836,1.1537703176263483,-0.4298932296186726,-0.36817502555551984,-1.8654402834222514,528,0.909171056389342,-0.053773309415543924,0.00409762544232286,0.00369762544232286,0.0004,24.0,240.0
trend__ETHUSD__fast_window-24__slow_window-72,trend,ETHUSD,,,march_2020,fixed_historical,2020-03-01,2020-03-31 23:59:59,,2020-03-01 22:00:00,2020-03-31 23:00:00,-0.2610747987650641,-0.97474021359553,1.9930783203391491,-0.8616076134712755,-0.48325057770619106,-2.0170492464225402,534,0.7389252012349359,-0.17310252996005326,0.005309460179541061,0.004709460179541061,0.0006000000000000001,24.0,72.0
trend__ETHUSD__fast_window-24__slow_window-72,trend,ETHUSD,,,worst_market_window_1,worst_market_window,2020-02-19,2020-03-19 23:59:59,-0.5548631705394349,2020-02-19 00:00:00,2020-03-19 23:00:00,-0.012825487244401357,-0.14561971521730954,1.9401436978375772,0.8715880879297616,-0.33273542322016336,-0.4376441612618934,530,0.9871745127555986,-0.17310252996005326,0.003579558118822826,0.002979558118822826,0.0006000000000000001,24.0,72.0
trend__ETHUSD__fast_window-24__slow_window-72,trend,ETHUSD,,,worst_market_window_2,worst_market_window,2022-05-17,2022-06-15 23:59:59,-0.484228073174902,2022-05-17 00:00:00,2022-06-15 23:00:00,-0.0334809003632871,-0.33978303498307383,1.0946164726399121,0.161969780351421,-0.3449297633089844,-0.9850789091769382,528,0.9665190996367129,-0.06106539627544394,0.008179705867034214,0.007379705867034214,0.0008,24.0,72.0
trend__ETHUSD__fast_window-24__slow_window-72,trend,ETHUSD,,,worst_market_window_3,worst_market_window,2021-05-25,2021-06-23 23:59:59,-0.4428575661501081,2021-05-25 00:00:00,2021-06-23 23:00:00,-0.17560071050098558,-0.9050368033803178,1.1531612875721093,-1.4636801562979158,-0.3801592539682829,-2.3806780814437993,528,0.8243992894990144,-0.053773309415543924,0.009553263884634665,0.008553263884634666,0.001,24.0,72.0
trend__SPXUSD__fast_window-12__slow_window-120,trend,SPXUSD,,,march_2020,fixed_historical,2020-03-01,2020-03-31 23:59:59,,2020-03-01 23:00:00,2020-03-31 23:00:00,0.1351835177431333,3.681979250821695,0.867424729261234,2.213591120709427,-0.13387349350852817,27.503422479873816,528,1.1351835177431333,-0.05731167576554097,0.0010164558194565218,0.0005164558194565217,0.0005,12.0,120.0
trend__SPXUSD__fast_window-12__slow_window-120,trend,SPXUSD,,,worst_market_window_1,worst_market_window,2020-02-23,2020-03-23 23:59:59,-0.3503283405887997,2020-02-23 23:00:00,2020-03-23 23:00:00,0.26663249204942363,18.62758727194746,0.8343307900229892,3.9859841928653013,-0.14603809679904556,127.55293091486796,503,1.2666324920494236,-0.05731167576554097,0.0007920880224247665,0.00039208802242476643,0.0004,12.0,120.0
trend__SPXUSD__fast_window-12__slow_window-120,trend,SPXUSD,,,worst_market_window_2,worst_market_window,2025-03-09,2025-04-07 23:59:59,-0.1827613245672236,2025-03-09 22:00:00,2025-04-07 23:00:00,0.02121658701676221,0.30218628424630634,0.32413061685452266,0.9766795176472252,-0.08763828636470206,3.4481080904386268,489,1.0212165870167622,-0.031192327100396322,0.0011514119669745863,0.0003514119669745863,0.0008,12.0,120.0
trend__SPXUSD__fast_window-12__slow_window-120,trend,SPXUSD,,,worst_market_window_3,worst_market_window,2022-09-01,2022-09-30 23:59:59,-0.12867717150918945,2022-09-01 00:00:00,2022-09-30 20:00:00,0.08356197765352213,1.6712536783533287,0.26074244631121546,3.898749634797761,-0.0434655642197076,38.45006290279721,501,1.0835619776535221,-0.028719612116297588,0.0003560646295205636,0.00015606462952056364,0.0002,12.0,120.0
trend__SPXUSD__fast_window-12__slow_window-240,trend,SPXUSD,,,march_2020,fixed_historical,2020-03-01,2020-03-31 23:59:59,,2020-03-01 23:00:00,2020-03-31 23:00:00,0.01245951849108895,0.16271454187319145,0.867884764836053,0.6077361496851874,-0.24576229354947388,0.6620809869697759,528,1.012459518491089,-0.05731167576554097,0.0006570451513101827,0.00035704515131018265,0.00030000000000000003,12.0,240.0
trend__SPXUSD__fast_window-12__slow_window-240,trend,SPXUSD,,,worst_market_window_1,worst_market_window,2020-02-23,2020-03-23 23:59:59,-0.3503283405887997,2020-02-23 23:00:00,2020-03-23 23:00:00,0.3833646154885981,58.57622336630139,0.8335643149427073,5.32169731549957,-0.1183313742048312,495.01853384129686,503,1.3833646154885981,-0.05731167576554097,0.0,0.0,0.0,12.0,240.0
trend__SPXUSD__fast_window-12__slow_window-240,trend,SPXUSD,,,worst_market_window_2,worst_market_window,2025-03-09,2025-04-07 23:59:59,-0.1827613245672236,2025-03-09 22:00:00,2025-04-07 23:00:00,0.0783532241712861,1.5824247257433277,0.3239061614001134,3.090424634199862,-0.06513186295563356,24.295708028822112,489,1.078353224171286,-0.02736604116673269,0.0008657436774677791,0.0002657436774677791,0.0006000000000000001,12.0,240.0
trend__SPXUSD__fast_window-12__slow_window-240,trend,SPXUSD,,,worst_market_window_3,worst_market_window,2022-09-01,2022-09-30 23:59:59,-0.12867717150918945,2022-09-01 00:00:00,2022-09-30 20:00:00,0.06601894591701996,1.1873910018797966,0.2608435902359035,3.131108848027631,-0.04350231898063406,27.294889782965086,501,1.06601894591702,-0.028719612116297588,0.0003554372845024384,0.0001554372845024384,0.0002,12.0,240.0
trend__SPXUSD__fast_window-12__slow_window-72,trend,SPXUSD,,,march_2020,fixed_historical,2020-03-01,2020-03-31 23:59:59,,2020-03-01 23:00:00,2020-03-31 23:00:00,0.07324064126795515,1.3644890947558475,0.8677090344767354,1.4256857341452214,-0.1391677412278547,9.804636352628696,528,1.0732406412679552,-0.05731167576554097,0.0014667051403386626,0.0007667051403386627,0.0007000000000000001,12.0,72.0
trend__SPXUSD__fast_window-12__slow_window-72,trend,SPXUSD,,,worst_market_window_1,worst_market_window,2020-02-23,2020-03-23 23:59:59,-0.3503283405887997,2020-02-23 23:00:00,2020-03-23 23:00:00,0.16564443616531266,5.892685934289071,0.8349849684643315,2.7297568224650957,-0.1318819467101554,44.68152071822058,503,1.1656444361653127,-0.05731167576554097,0.0012406785487278328,0.0006406785487278327,0.0006000000000000001,12.0,72.0
trend__SPXUSD__fast_window-12__slow_window-72,trend,SPXUSD,,,worst_market_window_2,worst_market_window,2025-03-09,2025-04-07 23:59:59,-0.1827613245672236,2025-03-09 22:00:00,2025-04-07 23:00:00,0.03388914239797236,0.5206724153762088,0.32401337039957345,1.4556443455677592,-0.076316540820483,6.822536894078705,489,1.0338891423979724,-0.031192327100396322,0.0013731578298481514,0.00037315782984815145,0.001,12.0,72.0
trend__SPXUSD__fast_window-12__slow_window-72,trend,SPXUSD,,,worst_market_window_3,worst_market_window,2022-09-01,2022-09-30 23:59:59,-0.12867717150918945,2022-09-01 00:00:00,2022-09-30 20:00:00,-0.004387792119360467,-0.05241441035866812,0.2612040250686921,-0.0756273130119041,-0.06679414643197645,-0.7847156249245173,501,0.9956122078806395,-0.028719612116297588,0.00143909132318831,0.0006390913231883099,0.0008,12.0,72.0
trend__SPXUSD__fast_window-24__slow_window-120,trend,SPXUSD,,,march_2020,fixed_historical,2020-03-01,2020-03-31 23:59:59,,2020-03-01 23:00:00,2020-03-31 23:00:00,0.16119940376911468,5.169363230358368,0.8674224464998158,2.531727868844064,-0.11981643772242512,43.144023713457955,528,1.1611994037691147,-0.05731167576554097,0.0006188723974053551,0.00031887239740535514,0.00030000000000000003,24.0,120.0
trend__SPXUSD__fast_window-24__slow_window-120,trend,SPXUSD,,,worst_market_window_1,worst_market_window,2020-02-23,2020-03-23 23:59:59,-0.3503283405887997,2020-02-23 23:00:00,2020-03-23 23:00:00,0.3169323010307432,31.05391180823179,0.8340439202455124,4.575474983507559,-0.11833137420483164,262.4317685559661,503,1.3169323010307432,-0.05731167576554097,0.0003954866936955583,0.00019548669369555833,0.0002,24.0,120.0
trend__SPXUSD__fast_window-24__slow_window-120,trend,SPXUSD,,,worst_market_window_2,worst_market_window,2025-03-09,2025-04-07 23:59:59,-0.1827613245672236,2025-03-09 22:00:00,2025-04-07 23:00:00,0.07409236760699822,1.4569881434070209,0.32395015634192137,2.9363075482097725,-0.07111977703355332,20.486399201162204,489,1.0740923676069982,-0.02736604116673269,0.0008317642810501416,0.00023176428105014168,0.0006000000000000001,24.0,120.0
trend__SPXUSD__fast_window-24__slow_window-120,trend,SPXUSD,,,worst_market_window_3,worst_market_window,2022-09-01,2022-09-30 23:59:59,-0.12867717150918945,2022-09-01 00:00:00,2022-09-30 20:00:00,0.0691480216404492,1.2673090473351434,0.260874618751033,3.268341234888894,-0.05315487843981048,23.84182006492915,501,1.0691480216404492,-0.028719612116297588,0.0003563640454504563,0.00015636404545045626,0.0002,24.0,120.0
trend__SPXUSD__fast_window-24__slow_window-240,trend,SPXUSD,,,march_2020,fixed_historical,2020-03-01,2020-03-31 23:59:59,,2020-03-01 23:00:00,2020-03-31 23:00:00,0.06931889631116017,1.261417063460458,0.8677120133277492,1.3741980323967344,-0.2034045637499371,6.201518000408425,528,1.0693188963111602,-0.05731167576554097,0.0002157854110382092,0.00011578541103820918,0.0001,24.0,240.0
trend__SPXUSD__fast_window-24__slow_window-240,trend,SPXUSD,,,worst_market_window_1,worst_market_window,2020-02-23,2020-03-23 23:59:59,-0.3503283405887997,2020-02-23 23:00:00,2020-03-23 23:00:00,0.3833646154885981,58.57622336630139,0.8335643149427073,5.32169731549957,-0.1183313742048312,495.01853384129686,503,1.3833646154885981,-0.05731167576554097,0.0,0.0,0.0,24.0,240.0
trend__SPXUSD__fast_window-24__slow_window-240,trend,SPXUSD,,,worst_market_window_2,worst_market_window,2025-03-09,2025-04-07 23:59:59,-0.1827613245672236,2025-03-09 22:00:00,2025-04-07 23:00:00,0.10845522342511993,2.650979408881282,0.32365818990289547,4.162595005506267,-0.05781515471346488,45.85267343864569,489,1.10845522342512,-0.02736604116673269,0.0002824960560716427,8.249605607164271e-05,0.0002,24.0,240.0
trend__SPXUSD__fast_window-24__slow_window-240,trend,SPXUSD,,,worst_market_window_3,worst_market_window,2022-09-01,2022-09-30 23:59:59,-0.12867717150918945,2022-09-01 00:00:00,2022-09-30 20:00:00,0.041923738434209934,0.6533531384719728,0.26101418120450054,2.05675428942175,-0.06484692763912858,10.075313700409456,501,1.04192373843421,-0.028719612116297588,0.00035537389774613457,0.00015537389774613453,0.0002,24.0,240.0
trend__SPXUSD__fast_window-24__slow_window-72,trend,SPXUSD,,,march_2020,fixed_historical,2020-03-01,2020-03-31 23:59:59,,2020-03-01 23:00:00,2020-03-31 23:00:00,0.2203976392805873,10.301967245976783,0.8671042527515112,3.230751078753616,-0.11833137420483109,87.06031950701531,528,1.2203976392805873,-0.05731167576554097,0.001021089547079377,0.000521089547079377,0.0005,24.0,72.0
trend__SPXUSD__fast_window-24__slow_window-72,trend,SPXUSD,,,worst_market_window_1,worst_market_window,2020-02-23,2020-03-23 23:59:59,-0.3503283405887997,2020-02-23 23:00:00,2020-03-23 23:00:00,0.3239500602968335,33.27297755627975,0.8340127168809793,4.655921023028582,-0.11833137420483109,281.1847473239377,503,1.3239500602968335,-0.05731167576554097,0.0007949728891708115,0.0003949728891708115,0.0004,24.0,72.0
trend__SPXUSD__fast_window-24__slow_window-72,trend,SPXUSD,,,worst_market_window_2,worst_market_window,2025-03-09,2025-04-07 23:59:59,-0.1827613245672236,2025-03-09 22:00:00,2025-04-07 23:00:00,0.04952403835267072,0.8366068541603446,0.3240134603078767,2.0382936595138457,-0.0684356680376611,12.224719625735927,489,1.0495240383526707,-0.031192327100396322,0.0008150131225037083,0.00021501312250370828,0.0006000000000000001,24.0,72.0
trend__SPXUSD__fast_window-24__slow_window-72,trend,SPXUSD,,,worst_market_window_3,worst_market_window,2022-09-01,2022-09-30 23:59:59,-0.12867717150918945,2022-09-01 00:00:00,2022-09-30 20:00:00,0.027124914994447913,0.3877262916194364,0.2610721205768613,1.385475664999605,-0.05895244163142355,6.576933556773429,501,1.027124914994448,-0.028719612116297588,0.0007250328589922879,0.00032503285899228784,0.0004,24.0,72.0
trend__USDJPY__fast_window-12__slow_window-120,trend,USDJPY,,,march_2020,fixed_historical,2020-03-01,2020-03-31 23:59:59,,2020-03-01 21:00:00,2020-03-31 23:00:00,0.06767551012630024,1.2145684680434399,0.20585574171500712,3.9650447890964036,-0.04567505987924747,26.59150247978724,532,1.0676755101263002,-0.010589637679150665,0.0010851099887228782,0.0004851099887228781,0.0006000000000000001,12.0,120.0
trend__USDJPY__fast_window-12__slow_window-120,trend,USDJPY,,,worst_market_window_1,worst_market_window,2024-07-09,2024-08-07 23:59:59,-0.1037365468213961,2024-07-09 00:00:00,2024-08-07 23:00:00,0.041602536830304127,0.6436977293730288,0.17054098320093766,2.999322226812855,-0.03686026176571877,17.463189313855835,528,1.0416025368303041,-0.017940495499399467,0.0006743335716593135,0.00027433357165931345,0.0004,12.0,120.0
trend__USDJPY__fast_window-12__slow_window-120,trend,USDJPY,,,worst_market_window_2,worst_market_window,2022-11-05,2022-12-04 23:59:59,-0.09084817802804668,2022-11-06 21:00:00,2022-12-04 23:00:00,0.058504218281046017,1.0948370849658104,0.15487024722147796,4.852230081837457,-0.029627305888916267,36.95364975373596,487,1.058504218281046,-0.012047383890074315,0.0005147660350817842,0.00011476603508178419,0.0004,12.0,120.0
trend__USDJPY__fast_window-12__slow_window-120,trend,USDJPY,,,worst_market_window_3,worst_market_window,2023-11-18,2023-12-17 23:59:59,-0.06193901206681374,2023-11-19 22:00:00,2023-12-17 23:00:00,0.021133894512586737,0.31312002618694046,0.11472840266461337,2.4315470262712946,-0.029657217416830473,10.557970486106523,482,1.0211338945125867,-0.006338817349934356,0.0008635666279613746,0.00026356662796137465,0.0006000000000000001,12.0,120.0
trend__USDJPY__fast_window-12__slow_window-240,trend,USDJPY,,,march_2020,fixed_historical,2020-03-01,2020-03-31 23:59:59,,2020-03-01 21:00:00,2020-03-31 23:00:00,0.005672858675156878,0.07109459059458456,0.20603970290093165,0.43603899547734554,-0.06919724824589035,1.0274193323692882,532,1.0056728586751569,-0.010589637679150665,0.0004981476884097924,9.814768840979242e-05,0.0004,12.0,240.0
trend__USDJPY__fast_window-12__slow_window-240,trend,USDJPY,,,worst_market_window_1,worst_market_window,2024-07-09,2024-08-07 23:59:59,-0.1037365468213961,2024-07-09 00:00:00,2024-08-07 23:00:00,0.0665682185878933,1.1939948923613883,0.17036372742692002,4.697478834151139,-0.036860261765719216,32.39246915690185,528,1.0665682185878933,-0.017940495499399467,0.0001567490368427358,5.674903684273582e-05,0.0001,12.0,240.0
trend__USDJPY__fast_window-12__slow_window-240,trend,USDJPY,,,worst_market_window_2,worst_market_window,2022-11-05,2022-12-04 23:59:59,-0.09084817802804668,2022-11-06 21:00:00,2022-12-04 23:00:00,0.07892803875179899,1.6859506860252704,0.1546977091445062,6.4643916959327585,-0.03259726077675984,51.7206245509827,487,1.078928038751799,-0.012047383890074315,0.0002706258903825504,7.062589038255036e-05,0.0002,12.0,240.0
trend__USDJPY__fast_window-12__slow_window-240,trend,USDJPY,,,worst_market_window_3,worst_market_window,2023-11-18,2023-12-17 23:59:59,-0.06193901206681374,2023-11-19 22:00:00,2023-12-17 23:00:00,0.04862330293820327,0.85598477167889,0.11449581234903149,5.458496059435761,-0.02225455225599482,38.46335625324967,482,1.0486233029382033,-0.006338817349934356,0.0,0.0,0.0,12.0,240.0
trend__USDJPY__fast_window-12__slow_window-72,trend,USDJPY,,,march_2020,fixed_historical,2020-03-01,2020-03-31 23:59:59,,2020-03-01 21:00:00,2020-03-31 23:00:00,0.04906624076864752,0.788849706209557,0.2058823280440889,2.9275580921583866,-0.08030692626836045,9.822934868325925,532,1.0490662407686475,-0.010640535372848925,0.0005308115653316635,0.00013081156533166347,0.0004,12.0,72.0
trend__USDJPY__fast_window-12__slow_window-72,trend,USDJPY,,,worst_market_window_1,worst_market_window,2024-07-09,2024-08-07 23:59:59,-0.1037365468213961,2024-07-09 00:00:00,2024-08-07 23:00:00,0.01981877273148136,0.27031630752700475,0.17071675330927152,1.4869083322006644,-0.03736860573628753,7.233780929228213,528,1.0198187727314814,-0.017940495499399467,0.0011797321712007927,0.0004797321712007927,0.0007000000000000001,12.0,72.0
trend__USDJPY__fast_window-12__slow_window-72,trend,USDJPY,,,worst_market_window_2,worst_market_window,2022-11-05,2022-12-04 23:59:59,-0.09084817802804668,2022-11-06 21:00:00,2022-12-04 23:00:00,0.04629032370473074,0.8013385610102435,0.15486780350935953,3.8775302964233966,-0.036348083026303324,22.046239974481022,487,1.0462903237047307,-0.012047383890074315,0.001239553840886376,0.00023955384088637595,0.001,12.0,72.0
trend__USDJPY__fast_window-12__slow_window-72,trend,USDJPY,,,worst_market_window_3,worst_market_window,2023-11-18,2023-12-17 23:59:59,-0.06193901206681374,2023-11-19 22:00:00,2023-12-17 23:00:00,0.0019526635459155006,0.02573471479810996,0.11473243863640856,0.27861274630608285,-0.03809016905082008,0.6756261639000495,482,1.0019526635459155,-0.006338817349934356,0.001774712305198115,0.00037471230519811496,0.0014,12.0,72.0
trend__USDJPY__fast_window-24__slow_window-120,trend,USDJPY,,,march_2020,fixed_historical,2020-03-01,2020-03-31 23:59:59,,2020-03-01 21:00:00,2020-03-31 23:00:00,0.07096439066665661,1.2988297840855862,0.20572899980660875,4.148897152150004,-0.03685737629021324,35.23934459845058,532,1.0709643906666566,-0.010589637679150665,0.0002656206150487855,6.562061504878546e-05,0.0002,24.0,120.0
trend__USDJPY__fast_window-24__slow_window-120,trend,USDJPY,,,worst_market_window_1,worst_market_window,2024-07-09,2024-08-07 23:59:59,-0.1037365468213961,2024-07-09 00:00:00,2024-08-07 23:00:00,0.05983467628099959,1.030960766867441,0.17041595039399607,4.24294065751284,-0.03686026176571933,27.96943693509665,528,1.0598346762809996,-0.017940495499399467,0.0002753413507801541,7.534135078015409e-05,0.0002,24.0,120.0
trend__USDJPY__fast_window-24__slow_window-120,trend,USDJPY,,,worst_market_window_2,worst_market_window,2022-11-05,2022-12-04 23:59:59,-0.09084817802804668,2022-11-06 21:00:00,2022-12-04 23:00:00,0.05935623913092125,1.1168739125417058,0.15493297842480003,4.917861983589642,-0.039415806807077236,28.33568568083116,487,1.0593562391309213,-0.012047383890074315,0.00026398015791243576,6.398015791243577e-05,0.0002,24.0,120.0
trend__USDJPY__fast_window-24__slow_window-120,trend,USDJPY,,,worst_market_window_3,worst_market_window,2023-11-18,2023-12-17 23:59:59,-0.06193901206681374,2023-11-19 22:00:00,2023-12-17 23:00:00,0.03416554588417431,0.5489570927191567,0.11467390119462122,3.8731267356011325,-0.0241105547110827,22.76833110218,482,1.0341655458841743,-0.006338817349934356,0.000651369911542416,0.000251369911542416,0.0004,24.0,120.0
trend__USDJPY__fast_window-24__slow_window-240,trend,USDJPY,,,march_2020,fixed_historical,2020-03-01,2020-03-31 23:59:59,,2020-03-01 21:00:00,2020-03-31 23:00:00,0.016470898018668745,0.21938745580288677,0.2060082552723726,1.0655195708444916,-0.07545750472467128,2.907430567753147,532,1.0164708980186687,-0.010589637679150665,0.00024611269821121323,4.611269821121325e-05,0.0002,24.0,240.0
trend__USDJPY__fast_window-24__slow_window-240,trend,USDJPY,,,worst_market_window_1,worst_market_window,2024-07-09,2024-08-07 23:59:59,-0.1037365468213961,2024-07-09 00:00:00,2024-08-07 23:00:00,0.06638671097969184,1.1894470977791345,0.1703666442460483,4.685220261234247,-0.03686026176571844,32.26908982196565,528,1.0663867109796918,-0.017940495499399467,0.00015044804167008242,5.044804167008242e-05,0.0001,24.0,240.0
trend__USDJPY__fast_window-24__slow_window-240,trend,USDJPY,,,worst_market_window_2,worst_market_window,2022-11-05,2022-12-04 23:59:59,-0.09084817802804668,2022-11-06 21:00:00,2022-12-04 23:00:00,0.09135275812814592,2.117254546950627,0.1545318532399998,7.434997458100431,-0.026359482836802006,80.32230981385587,487,1.091352758128146,-0.012047383890074315,0.0,0.0,0.0,24.0,240.0
trend__USDJPY__fast_window-24__slow_window-240,trend,USDJPY,,,worst_market_window_3,worst_market_window,2023-11-18,2023-12-17 23:59:59,-0.06193901206681374,2023-11-19 22:00:00,2023-12-17 23:00:00,0.04862330293820327,0.85598477167889,0.11449581234903149,5.458496059435761,-0.02225455225599482,38.46335625324967,482,1.0486233029382033,-0.006338817349934356,0.0,0.0,0.0,24.0,240.0
trend__USDJPY__fast_window-24__slow_window-72,trend,USDJPY,,,march_2020,fixed_historical,2020-03-01,2020-03-31 23:59:59,,2020-03-01 21:00:00,2020-03-31 23:00:00,0.05820971576668765,0.9876151110574574,0.20581281299076642,3.4404618939317464,-0.06257657234858327,15.782505720446622,532,1.0582097157666877,-0.010640535372848925,0.0005415594469282225,0.00014155944692822246,0.0004,24.0,72.0
trend__USDJPY__fast_window-24__slow_window-72,trend,USDJPY,,,worst_market_window_1,worst_market_window,2024-07-09,2024-08-07 23:59:59,-0.1037365468213961,2024-07-09 00:00:00,2024-08-07 23:00:00,0.008415277487892281,0.10757086862965282,0.17067381474222149,0.6839499161373876,-0.04043848811041051,2.6601110391651788,528,1.0084152774878923,-0.017940495499399467,0.0011216210796414574,0.00042162107964145744,0.0007000000000000001,24.0,72.0
trend__USDJPY__fast_window-24__slow_window-72,trend,USDJPY,,,worst_market_window_2,worst_market_window,2022-11-05,2022-12-04 23:59:59,-0.09084817802804668,2022-11-06 21:00:00,2022-12-04 23:00:00,0.04920351985159854,0.8676711151917784,0.1550638046416349,4.106052844502651,-0.03731204001599919,23.25445391942456,487,1.0492035198515985,-0.012047383890074315,0.0010144829753550148,0.0002144829753550147,0.0008,24.0,72.0
trend__USDJPY__fast_window-24__slow_window-72,trend,USDJPY,,,worst_market_window_3,worst_market_window,2023-11-18,2023-12-17 23:59:59,-0.06193901206681374,2023-11-19 22:00:00,2023-12-17 23:00:00,-0.011847210045269785,-0.1437855127800327,0.11480579265189728,-1.2949434039904082,-0.04443705101550466,-3.2357123052532017,482,0.9881527899547302,-0.006338817349934356,0.0019317825220687077,0.0005317825220687077,0.0014,24.0,72.0
trend__XAUUSD__fast_window-12__slow_window-120,trend,XAUUSD,,,march_2020,fixed_historical,2020-03-01,2020-03-31 23:59:59,,2020-03-01 23:00:00,2020-03-31 23:00:00,0.02581435567774526,0.3638364864102457,0.4065255550643754,0.9660987411068681,-0.06353088364609538,5.726923120368201,509,1.0258143556777453,-0.02719662469863371,0.0016506967607776383,0.0010506967607776384,0.0006000000000000001,12.0,120.0
trend__XAUUSD__fast_window-12__slow_window-120,trend,XAUUSD,,,worst_market_window_1,worst_market_window,2026-03-01,2026-03-30 23:59:59,-0.13878127123714157,2026-03-01 23:00:00,2026-03-30 23:00:00,0.022032187966931405,0.315844817086806,0.42298976264925314,0.859975598441158,-0.10589567042475956,2.9826036873832193,497,1.0220321879669314,-0.025802189461255898,0.0010471483870420147,0.0004471483870420146,0.0006000000000000001,12.0,120.0
trend__XAUUSD__fast_window-12__slow_window-120,trend,XAUUSD,,,worst_market_window_2,worst_market_window,2021-02-08,2021-03-09 23:59:59,-0.09317198165414209,2021-02-08 00:00:00,2021-03-09 23:00:00,0.030061286957552946,0.43491320809489276,0.18012462041916696,2.0946497034165508,-0.028164646385650638,15.441813191607224,506,1.030061286957553,-0.012341199848177054,0.0015611995412122036,0.0008611995412122034,0.0007000000000000001,12.0,120.0
trend__XAUUSD__fast_window-12__slow_window-120,trend,XAUUSD,,,worst_market_window_3,worst_market_window,2022-06-19,2022-07-18 23:59:59,-0.08880506361485851,2022-06-19 22:00:00,2022-07-18 23:00:00,0.04668121267401282,0.7750118956883916,0.15163311229941276,3.8600009427246067,-0.02665873906420846,29.0715886382229,490,1.0466812126740128,-0.0110435998769709,0.0008867513810282996,0.00038675138102829963,0.0005,12.0,120.0
trend__XAUUSD__fast_window-12__slow_window-240,trend,XAUUSD,,,march_2020,fixed_historical,2020-03-01,2020-03-31 23:59:59,,2020-03-01 23:00:00,2020-03-31 23:00:00,0.005821007387484922,0.07322195010115418,0.406640287633705,0.3766112320795124,-0.07839253834085347,0.934042341922679,509,1.005821007387485,-0.02719662469863371,0.0008613638789143402,0.0005613638789143401,0.00030000000000000003,12.0,240.0
trend__XAUUSD__fast_window-12__slow_window-240,trend,XAUUSD,,,worst_market_window_1,worst_market_window,2026-03-01,2026-03-30 23:59:59,-0.13878127123714157,2026-03-01 23:00:00,2026-03-30 23:00:00,0.04596008947138608,0.7611221949455227,0.4229378596387376,1.5491788655659258,-0.09157535963484376,8.311430039483255,497,1.045960089471386,-0.025802189461255898,0.0013051900840123812,0.0006051900840123813,0.0007,12.0,240.0
trend__XAUUSD__fast_window-12__slow_window-240,trend,XAUUSD,,,worst_market_window_2,worst_market_window,2021-02-08,2021-03-09 23:59:59,-0.09317198165414209,2021-02-08 00:00:00,2021-03-09 23:00:00,0.01535135398341958,0.2041098953169258,0.18012183253338293,1.1210610326365211,-0.043069743170131014,4.73905531571585,506,1.0153513539834196,-0.012341199848177054,0.0009114530049335102,0.0005114530049335102,0.0004,12.0,240.0
trend__XAUUSD__fast_window-12__slow_window-240,trend,XAUUSD,,,worst_market_window_3,worst_market_window,2022-06-19,2022-07-18 23:59:59,-0.08880506361485851,2022-06-19 22:00:00,2022-07-18 23:00:00,0.06840939668162482,1.29840772304861,0.15138048033482432,5.573407838788187,-0.017153152492192292,75.69499097262818,490,1.0684093966816248,-0.0110435998769709,0.0006477199862033396,0.0003477199862033396,0.00030000000000000003,12.0,240.0
trend__XAUUSD__fast_window-12__slow_window-72,trend,XAUUSD,,,march_2020,fixed_historical,2020-03-01,2020-03-31 23:59:59,,2020-03-01 23:00:00,2020-03-31 23:00:00,0.14749731997707416,4.339206312527329,0.4058874899743035,4.329959348582225,-0.05522164789128958,78.57799392494725,509,1.1474973199770742,-0.02719662469863371,0.0008188751259529412,0.0004188751259529412,0.0004,12.0,72.0
trend__XAUUSD__fast_window-12__slow_window-72,trend,XAUUSD,,,worst_market_window_1,worst_market_window,2026-03-01,2026-03-30 23:59:59,-0.13878127123714157,2026-03-01 23:00:00,2026-03-30 23:00:00,0.05561724382035704,0.9772428400597342,0.42280045804650634,1.8232309263017032,-0.1367758317737997,7.144850280829594,497,1.055617243820357,-0.025802189461255898,0.001720997824778775,0.0009209978247787748,0.0008,12.0,72.0
trend__XAUUSD__fast_window-12__slow_window-72,trend,XAUUSD,,,worst_market_window_2,worst_market_window,2021-02-08,2021-03-09 23:59:59,-0.09317198165414209,2021-02-08 00:00:00,2021-03-09 23:00:00,0.058280847982353556,0.9949544185425769,0.1799223176835462,3.928403358211247,-0.020478013811082385,48.586470725208855,506,1.0582808479823536,-0.012341199848177054,0.0014277890084344724,0.0007277890084344723,0.0007000000000000001,12.0,72.0
trend__XAUUSD__fast_window-12__slow_window-72,trend,XAUUSD,,,worst_market_window_3,worst_market_window,2022-06-19,2022-07-18 23:59:59,-0.08880506361485851,2022-06-19 22:00:00,2022-07-18 23:00:00,0.03234908649218027,0.4924284408537729,0.15166646920742932,2.715782659785508,-0.0339217271169725,14.516608755082808,490,1.0323490864921803,-0.0110435998769709,0.002146898060660698,0.001046898060660698,0.0011,12.0,72.0
trend__XAUUSD__fast_window-24__slow_window-120,trend,XAUUSD,,,march_2020,fixed_historical,2020-03-01,2020-03-31 23:59:59,,2020-03-01 23:00:00,2020-03-31 23:00:00,0.029404532187115917,0.42310018555973405,0.4065432540580298,1.070683418318491,-0.07059842114958914,5.993054499947501,509,1.029404532187116,-0.02719662469863371,0.002071335240462739,0.0016713352404627386,0.0004,24.0,120.0
trend__XAUUSD__fast_window-24__slow_window-120,trend,XAUUSD,,,worst_market_window_1,worst_market_window,2026-03-01,2026-03-30 23:59:59,-0.13878127123714157,2026-03-01 23:00:00,2026-03-30 23:00:00,0.028804090738590915,0.42997356449419244,0.4230125985615492,1.0565541563716598,-0.09247694174021648,4.649521885164213,497,1.028804090738591,-0.025802189461255898,0.0007314853000986873,0.0003314853000986872,0.0004,24.0,120.0
trend__XAUUSD__fast_window-24__slow_window-120,trend,XAUUSD,,,worst_market_window_2,worst_market_window,2021-02-08,2021-03-09 23:59:59,-0.09317198165414209,2021-02-08 00:00:00,2021-03-09 23:00:00,0.028248645062427524,0.4044289954778748,0.18005251176602335,1.9761494512559628,-0.03615250323431418,11.186749444614133,506,1.0282486450624275,-0.012341199848177054,0.0006429522668852933,0.00024295226688529324,0.0004,24.0,120.0
trend__XAUUSD__fast_window-24__slow_window-120,trend,XAUUSD,,,worst_market_window_3,worst_market_window,2022-06-19,2022-07-18 23:59:59,-0.08880506361485851,2022-06-19 22:00:00,2022-07-18 23:00:00,0.05915283325861287,1.0601491659249533,0.15144458869135405,4.848391373295785,-0.01715315249219218,61.80491699164425,490,1.0591528332586129,-0.0110435998769709,0.0004964281254194235,0.0001964281254194234,0.00030000000000000003,24.0,120.0
trend__XAUUSD__fast_window-24__slow_window-240,trend,XAUUSD,,,march_2020,fixed_historical,2020-03-01,2020-03-31 23:59:59,,2020-03-01 23:00:00,2020-03-31 23:00:00,-0.007043703179502869,-0.08246131432536041,0.4057202619815416,-0.009760957606361283,-0.08262086875643715,-0.9980688361974612,509,0.9929562968204971,-0.02719662469863371,0.0043681560834117105,0.0040681560834117106,0.00030000000000000003,24.0,240.0
trend__XAUUSD__fast_window-24__slow_window-240,trend,XAUUSD,,,worst_market_window_1,worst_market_window,2026-03-01,2026-03-30 23:59:59,-0.13878127123714157,2026-03-01 23:00:00,2026-03-30 23:00:00,0.05603676999960805,0.9871627037698529,0.4228436810054005,1.8350364772841863,-0.08840047882122615,11.166938425369953,497,1.056036769999608,-0.025802189461255898,0.0005162509807394466,0.00021625098073944652,0.00030000000000000003,24.0,240.0
trend__XAUUSD__fast_window-24__slow_window-240,trend,XAUUSD,,,worst_market_window_2,worst_market_window,2021-02-08,2021-03-09 23:59:59,-0.09317198165414209,2021-02-08 00:00:00,2021-03-09 23:00:00,0.013929579579056384,0.18371352872686209,0.1801795500299383,1.025939447529538,-0.04284892428402931,4.287471197855391,506,1.0139295795790564,-0.012341199848177054,0.0008847635695368678,0.0004847635695368678,0.0004,24.0,240.0
trend__XAUUSD__fast_window-24__slow_window-240,trend,XAUUSD,,,worst_market_window_3,worst_market_window,2022-06-19,2022-07-18 23:59:59,-0.08880506361485851,2022-06-19 22:00:00,2022-07-18 23:00:00,0.0755163195007682,1.4982701606647177,0.15127090334464213,6.128623000159932,-0.01715315249219218,87.34663563136307,490,1.0755163195007682,-0.0110435998769709,0.000203359173126615,0.00010335917312661498,0.0001,24.0,240.0
trend__XAUUSD__fast_window-24__slow_window-72,trend,XAUUSD,,,march_2020,fixed_historical,2020-03-01,2020-03-31 23:59:59,,2020-03-01 23:00:00,2020-03-31 23:00:00,0.13201435351407587,3.525299121698483,0.4060858781373949,3.9206300919222454,-0.05522164789128947,63.83907862797689,509,1.1320143535140759,-0.02719662469863371,0.0008178364674588381,0.000417836467458838,0.0004,24.0,72.0
trend__XAUUSD__fast_window-24__slow_window-72,trend,XAUUSD,,,worst_market_window_1,worst_market_window,2026-03-01,2026-03-30 23:59:59,-0.13878127123714157,2026-03-01 23:00:00,2026-03-30 23:00:00,0.0032640353735089445,0.04189692304462933,0.4229767770103442,0.30817037341209863,-0.1291219479728224,0.32447561163999633,497,1.003264035373509,-0.025802189461255898,0.0012152650802180996,0.0006152650802180996,0.0006000000000000001,24.0,72.0
trend__XAUUSD__fast_window-24__slow_window-72,trend,XAUUSD,,,worst_market_window_2,worst_market_window,2021-02-08,2021-03-09 23:59:59,-0.09317198165414209,2021-02-08 00:00:00,2021-03-09 23:00:00,0.04184398749279894,0.6483491363667255,0.18006266402682727,2.8654831629493867,-0.024078056947212545,26.92697080117934,506,1.041843987492799,-0.012341199848177054,0.001010717362397223,0.0005107173623972231,0.0005,24.0,72.0
trend__XAUUSD__fast_window-24__slow_window-72,trend,XAUUSD,,,worst_market_window_3,worst_market_window,2022-06-19,2022-07-18 23:59:59,-0.08880506361485851,2022-06-19 22:00:00,2022-07-18 23:00:00,0.05833930446382962,1.0403360989225887,0.151403426391243,4.785831963937034,-0.017153152492192292,60.64984844017011,490,1.0583393044638296,-0.0110435998769709,0.0005620789607321011,0.0002620789607321011,0.00030000000000000003,24.0,72.0
