parent_candidate_id,neighbor_candidate_id,family,symbol,lookback,entry_z,oos_net_total_return,oos_net_annual_return,oos_net_sharpe,oos_net_max_drawdown,oos_trade_count,fast_window,slow_window
mean_reversion__ETHUSD__entry_z-1p5__lookback-24,mean_reversion__ETHUSD__entry_z-1p2__lookback-19,mean_reversion,ETHUSD,19.0,1.2,-0.8124516126841563,-0.4987904097442929,-0.8540415133403897,-0.8330674817615795,896,,
mean_reversion__ETHUSD__entry_z-1p5__lookback-24,mean_reversion__ETHUSD__entry_z-1p2__lookback-24,mean_reversion,ETHUSD,24.0,1.2,-0.7009778873776259,-0.39238747055369416,-0.5470566376372573,-0.7134314453270113,722,,
mean_reversion__ETHUSD__entry_z-1p5__lookback-24,mean_reversion__ETHUSD__entry_z-1p2__lookback-29,mean_reversion,ETHUSD,29.0,1.2,-0.33360633208089285,-0.15422457858326577,0.008818414443939352,-0.5553860646478412,632,,
mean_reversion__ETHUSD__entry_z-1p5__lookback-24,mean_reversion__ETHUSD__entry_z-1p5__lookback-19,mean_reversion,ETHUSD,19.0,1.5,-0.7794861303533479,-0.46415279776316265,-0.7952199747654008,-0.803292177158857,780,,
mean_reversion__ETHUSD__entry_z-1p5__lookback-24,mean_reversion__ETHUSD__entry_z-1p5__lookback-29,mean_reversion,ETHUSD,29.0,1.5,-0.33263122746589546,-0.1537140554691172,-0.012248909558742152,-0.5500429519285222,550,,
mean_reversion__ETHUSD__entry_z-1p5__lookback-24,mean_reversion__ETHUSD__entry_z-1p8__lookback-19,mean_reversion,ETHUSD,19.0,1.8,-0.619485687985925,-0.3288458423820355,-0.4624126302511431,-0.666868313796044,670,,
mean_reversion__ETHUSD__entry_z-1p5__lookback-24,mean_reversion__ETHUSD__entry_z-1p8__lookback-24,mean_reversion,ETHUSD,24.0,1.8,-0.5524660724116816,-0.28237341783999803,-0.33428816255158794,-0.5906309588843057,549,,
mean_reversion__ETHUSD__entry_z-1p5__lookback-24,mean_reversion__ETHUSD__entry_z-1p8__lookback-29,mean_reversion,ETHUSD,29.0,1.8,-0.4243855627969204,-0.20382569346116086,-0.14637524494193355,-0.589891057863047,457,,
mean_reversion__ETHUSD__entry_z-1p5__lookback-48,mean_reversion__ETHUSD__entry_z-1p2__lookback-38,mean_reversion,ETHUSD,38.0,1.2,-0.44512735991896235,-0.21579336085023682,-0.11328252334650547,-0.584707419940315,501,,
mean_reversion__ETHUSD__entry_z-1p5__lookback-48,mean_reversion__ETHUSD__entry_z-1p2__lookback-48,mean_reversion,ETHUSD,48.0,1.2,-0.556490858961578,-0.28504391921419836,-0.258399818923189,-0.7049229090651046,413,,
mean_reversion__ETHUSD__entry_z-1p5__lookback-48,mean_reversion__ETHUSD__entry_z-1p2__lookback-58,mean_reversion,ETHUSD,58.0,1.2,-0.5626074677629669,-0.28912976710076377,-0.2606291727777775,-0.700253201681954,352,,
mean_reversion__ETHUSD__entry_z-1p5__lookback-48,mean_reversion__ETHUSD__entry_z-1p5__lookback-38,mean_reversion,ETHUSD,38.0,1.5,-0.5204021539464604,-0.2615851115453435,-0.2373589155449771,-0.6288440428781311,425,,
mean_reversion__ETHUSD__entry_z-1p5__lookback-48,mean_reversion__ETHUSD__entry_z-1p5__lookback-58,mean_reversion,ETHUSD,58.0,1.5,-0.5250675987562057,-0.26455806448538133,-0.22801388844535733,-0.6718956979540569,311,,
mean_reversion__ETHUSD__entry_z-1p5__lookback-48,mean_reversion__ETHUSD__entry_z-1p8__lookback-38,mean_reversion,ETHUSD,38.0,1.8,-0.641889571293563,-0.34544495128835406,-0.48266836915353567,-0.7038278450027431,362,,
mean_reversion__ETHUSD__entry_z-1p5__lookback-48,mean_reversion__ETHUSD__entry_z-1p8__lookback-48,mean_reversion,ETHUSD,48.0,1.8,-0.5880962452438198,-0.30652769629270493,-0.36126078819901486,-0.7111709489775265,302,,
mean_reversion__ETHUSD__entry_z-1p5__lookback-48,mean_reversion__ETHUSD__entry_z-1p8__lookback-58,mean_reversion,ETHUSD,58.0,1.8,-0.5518328181603528,-0.28195453090475364,-0.3004166358080879,-0.6920923122617295,259,,
mean_reversion__ETHUSD__entry_z-1p5__lookback-96,mean_reversion__ETHUSD__entry_z-1p2__lookback-77,mean_reversion,ETHUSD,77.0,1.2,-0.7347798985727104,-0.4217352261334947,-0.6066901943414208,-0.8275930660572463,266,,
mean_reversion__ETHUSD__entry_z-1p5__lookback-96,mean_reversion__ETHUSD__entry_z-1p2__lookback-96,mean_reversion,ETHUSD,96.0,1.2,-0.73419255768455,-0.42120707908535493,-0.6063378207163796,-0.8372432530502929,214,,
mean_reversion__ETHUSD__entry_z-1p5__lookback-96,mean_reversion__ETHUSD__entry_z-1p2__lookback-115,mean_reversion,ETHUSD,115.0,1.2,-0.7420653124094135,-0.4283443154904759,-0.621891781607161,-0.82825225228524,187,,
mean_reversion__ETHUSD__entry_z-1p5__lookback-96,mean_reversion__ETHUSD__entry_z-1p5__lookback-77,mean_reversion,ETHUSD,77.0,1.5,-0.7880875903409913,-0.47287958057242696,-0.7944127021462364,-0.8481050032716884,223,,
mean_reversion__ETHUSD__entry_z-1p5__lookback-96,mean_reversion__ETHUSD__entry_z-1p5__lookback-115,mean_reversion,ETHUSD,115.0,1.5,-0.6928805364153107,-0.3856503456567677,-0.5341381476870863,-0.7797547533595252,158,,
mean_reversion__ETHUSD__entry_z-1p5__lookback-96,mean_reversion__ETHUSD__entry_z-1p8__lookback-77,mean_reversion,ETHUSD,77.0,1.8,-0.7444212784797555,-0.4305049896482027,-0.696453400789944,-0.827516307808877,196,,
mean_reversion__ETHUSD__entry_z-1p5__lookback-96,mean_reversion__ETHUSD__entry_z-1p8__lookback-96,mean_reversion,ETHUSD,96.0,1.8,-0.7843717166444131,-0.46908451334279644,-0.813371805027811,-0.8547159286223983,157,,
mean_reversion__ETHUSD__entry_z-1p5__lookback-96,mean_reversion__ETHUSD__entry_z-1p8__lookback-115,mean_reversion,ETHUSD,115.0,1.8,-0.6657334738252163,-0.3637955018151806,-0.503179020507166,-0.7714106635479335,135,,
mean_reversion__ETHUSD__entry_z-2__lookback-24,mean_reversion__ETHUSD__entry_z-2__lookback-19,mean_reversion,ETHUSD,19.0,2.0,-0.5560175025233407,-0.28472910413571295,-0.3733883538882368,-0.6404504023306283,598,,
mean_reversion__ETHUSD__entry_z-2__lookback-24,mean_reversion__ETHUSD__entry_z-2__lookback-29,mean_reversion,ETHUSD,29.0,2.0,-0.42578697930885223,-0.20462622971161903,-0.16606109926531842,-0.5595890364902318,412,,
mean_reversion__ETHUSD__entry_z-2__lookback-48,mean_reversion__ETHUSD__entry_z-2__lookback-38,mean_reversion,ETHUSD,38.0,2.0,-0.6621014093964914,-0.36095167016548746,-0.5530573580710055,-0.710038584456745,318,,
mean_reversion__ETHUSD__entry_z-2__lookback-48,mean_reversion__ETHUSD__entry_z-2__lookback-58,mean_reversion,ETHUSD,58.0,2.0,-0.6082418320086502,-0.32073125427620264,-0.4175553668166516,-0.7388216703429336,231,,
mean_reversion__ETHUSD__entry_z-2__lookback-96,mean_reversion__ETHUSD__entry_z-2__lookback-77,mean_reversion,ETHUSD,77.0,2.0,-0.713383938067246,-0.40292067619024174,-0.6392689358352867,-0.791989500490845,179,,
mean_reversion__ETHUSD__entry_z-2__lookback-96,mean_reversion__ETHUSD__entry_z-2__lookback-115,mean_reversion,ETHUSD,115.0,2.0,-0.6915252445504928,-0.3845329530980808,-0.6033947305682166,-0.7630151101679619,117,,
mean_reversion__SPXUSD__entry_z-1p5__lookback-24,mean_reversion__SPXUSD__entry_z-1p2__lookback-19,mean_reversion,SPXUSD,19.0,1.2,-0.1257410470986804,-0.05476986039851839,-0.3299344377526068,-0.27456342618709406,870,,
mean_reversion__SPXUSD__entry_z-1p5__lookback-24,mean_reversion__SPXUSD__entry_z-1p2__lookback-24,mean_reversion,SPXUSD,24.0,1.2,0.07960949013066565,0.032628809461817676,0.299903291570843,-0.16238987727077525,703,,
mean_reversion__SPXUSD__entry_z-1p5__lookback-24,mean_reversion__SPXUSD__entry_z-1p2__lookback-29,mean_reversion,SPXUSD,29.0,1.2,-0.028575910910051183,-0.012078954868614877,-0.024867998573602588,-0.14688766680210674,573,,
mean_reversion__SPXUSD__entry_z-1p5__lookback-24,mean_reversion__SPXUSD__entry_z-1p5__lookback-19,mean_reversion,SPXUSD,19.0,1.5,-0.147169756190626,-0.0645512238664615,-0.41471948846654116,-0.2818148277862985,783,,
mean_reversion__SPXUSD__entry_z-1p5__lookback-24,mean_reversion__SPXUSD__entry_z-1p5__lookback-29,mean_reversion,SPXUSD,29.0,1.5,0.020595729519980344,0.008581927212272022,0.1306986911547811,-0.14427769949718516,514,,
mean_reversion__SPXUSD__entry_z-1p5__lookback-24,mean_reversion__SPXUSD__entry_z-1p8__lookback-19,mean_reversion,SPXUSD,19.0,1.8,-0.12035110008908434,-0.05233153686993386,-0.3373752883792626,-0.24551342354156502,676,,
mean_reversion__SPXUSD__entry_z-1p5__lookback-24,mean_reversion__SPXUSD__entry_z-1p8__lookback-24,mean_reversion,SPXUSD,24.0,1.8,0.12407877054473881,0.0502488717446834,0.45962205511323867,-0.1256151209224462,557,,
mean_reversion__SPXUSD__entry_z-1p5__lookback-24,mean_reversion__SPXUSD__entry_z-1p8__lookback-29,mean_reversion,SPXUSD,29.0,1.8,0.024828591806561384,0.010333202527072594,0.14480720380050074,-0.16340602264562076,452,,
mean_reversion__SPXUSD__entry_z-1p5__lookback-48,mean_reversion__SPXUSD__entry_z-1p2__lookback-38,mean_reversion,SPXUSD,38.0,1.2,0.16269857836559698,0.06522546916637162,0.5122641690103844,-0.1441122752270504,481,,
mean_reversion__SPXUSD__entry_z-1p5__lookback-48,mean_reversion__SPXUSD__entry_z-1p2__lookback-48,mean_reversion,SPXUSD,48.0,1.2,0.06060566911648779,0.024970395871179774,0.24264842749996202,-0.1703061503350567,381,,
mean_reversion__SPXUSD__entry_z-1p5__lookback-48,mean_reversion__SPXUSD__entry_z-1p2__lookback-58,mean_reversion,SPXUSD,58.0,1.2,-0.02209744901870825,-0.009322623703699184,-0.00037264986701752767,-0.193179288102043,323,,
mean_reversion__SPXUSD__entry_z-1p5__lookback-48,mean_reversion__SPXUSD__entry_z-1p5__lookback-38,mean_reversion,SPXUSD,38.0,1.5,0.28137969586663525,0.10951912621319138,0.8163472405428366,-0.12637345400431343,434,,
mean_reversion__SPXUSD__entry_z-1p5__lookback-48,mean_reversion__SPXUSD__entry_z-1p5__lookback-58,mean_reversion,SPXUSD,58.0,1.5,-0.07362094113047213,-0.03154600749399361,-0.17925021613060066,-0.18338930037482915,285,,
mean_reversion__SPXUSD__entry_z-1p5__lookback-48,mean_reversion__SPXUSD__entry_z-1p8__lookback-38,mean_reversion,SPXUSD,38.0,1.8,0.3244787187535485,0.12501159800855244,0.9421275580276948,-0.15006341206900253,377,,
mean_reversion__SPXUSD__entry_z-1p5__lookback-48,mean_reversion__SPXUSD__entry_z-1p8__lookback-48,mean_reversion,SPXUSD,48.0,1.8,-0.0029039370854008206,-0.0012182572442369644,0.052480352619727486,-0.17917654235848157,291,,
mean_reversion__SPXUSD__entry_z-1p5__lookback-48,mean_reversion__SPXUSD__entry_z-1p8__lookback-58,mean_reversion,SPXUSD,58.0,1.8,0.0007114036365110099,0.00029813400008515956,0.06548480320379081,-0.15106733743937317,253,,
mean_reversion__SPXUSD__entry_z-1p5__lookback-96,mean_reversion__SPXUSD__entry_z-1p2__lookback-77,mean_reversion,SPXUSD,77.0,1.2,-0.012180068288059509,-0.0051236360893531785,0.03527053995368146,-0.23359099910479586,252,,
mean_reversion__SPXUSD__entry_z-1p5__lookback-96,mean_reversion__SPXUSD__entry_z-1p2__lookback-96,mean_reversion,SPXUSD,96.0,1.2,0.02254955278211357,0.009390811798581922,0.1365962813824812,-0.21783677901828258,218,,
mean_reversion__SPXUSD__entry_z-1p5__lookback-96,mean_reversion__SPXUSD__entry_z-1p2__lookback-115,mean_reversion,SPXUSD,115.0,1.2,0.0543213314728368,0.02242033208646954,0.2264531117486466,-0.2482209828128611,183,,
mean_reversion__SPXUSD__entry_z-1p5__lookback-96,mean_reversion__SPXUSD__entry_z-1p5__lookback-77,mean_reversion,SPXUSD,77.0,1.5,-0.04189352892752651,-0.017778803062812543,-0.07150853518855212,-0.22192268019612038,222,,
mean_reversion__SPXUSD__entry_z-1p5__lookback-96,mean_reversion__SPXUSD__entry_z-1p5__lookback-115,mean_reversion,SPXUSD,115.0,1.5,0.01445425770320563,0.006033479376778006,0.11186264352417725,-0.24620111200270267,155,,
mean_reversion__SPXUSD__entry_z-1p5__lookback-96,mean_reversion__SPXUSD__entry_z-1p8__lookback-77,mean_reversion,SPXUSD,77.0,1.8,-0.030697123210137733,-0.012983766709526945,-0.04060959175907904,-0.23210709875829216,190,,
mean_reversion__SPXUSD__entry_z-1p5__lookback-96,mean_reversion__SPXUSD__entry_z-1p8__lookback-96,mean_reversion,SPXUSD,96.0,1.8,0.05698748434380674,0.02350328112506639,0.23978418044153518,-0.26358942335486313,160,,
mean_reversion__SPXUSD__entry_z-1p5__lookback-96,mean_reversion__SPXUSD__entry_z-1p8__lookback-115,mean_reversion,SPXUSD,115.0,1.8,0.12660516004943778,0.051237647219655624,0.4463861418954468,-0.2063041587804737,139,,
mean_reversion__SPXUSD__entry_z-2__lookback-24,mean_reversion__SPXUSD__entry_z-2__lookback-19,mean_reversion,SPXUSD,19.0,2.0,-0.03337049623716726,-0.014125744646680927,-0.05613597376990963,-0.1574089557364483,611,,
mean_reversion__SPXUSD__entry_z-2__lookback-24,mean_reversion__SPXUSD__entry_z-2__lookback-29,mean_reversion,SPXUSD,29.0,2.0,-0.01119527865042036,-0.004708018197400299,0.02024277808681309,-0.1779800995687768,404,,
mean_reversion__SPXUSD__entry_z-2__lookback-48,mean_reversion__SPXUSD__entry_z-2__lookback-38,mean_reversion,SPXUSD,38.0,2.0,0.24133760282336314,0.09485189715310716,0.7606098386703875,-0.14624264675309828,334,,
mean_reversion__SPXUSD__entry_z-2__lookback-48,mean_reversion__SPXUSD__entry_z-2__lookback-58,mean_reversion,SPXUSD,58.0,2.0,0.042776557265834736,0.017712576071002406,0.20403909093223158,-0.16118169516559622,223,,
mean_reversion__SPXUSD__entry_z-2__lookback-96,mean_reversion__SPXUSD__entry_z-2__lookback-77,mean_reversion,SPXUSD,77.0,2.0,-0.00435692841811075,-0.0018285885449397243,0.046218289404470654,-0.2143698489284599,170,,
mean_reversion__SPXUSD__entry_z-2__lookback-96,mean_reversion__SPXUSD__entry_z-2__lookback-115,mean_reversion,SPXUSD,115.0,2.0,0.10645551243598872,0.04331531366850716,0.39519932976888056,-0.21183495306015077,124,,
mean_reversion__USDJPY__entry_z-1p5__lookback-24,mean_reversion__USDJPY__entry_z-1p2__lookback-19,mean_reversion,USDJPY,19.0,1.2,-0.29008662581260947,-0.131852384030274,-1.6022113066406691,-0.3151197153117108,865,,
mean_reversion__USDJPY__entry_z-1p5__lookback-24,mean_reversion__USDJPY__entry_z-1p2__lookback-24,mean_reversion,USDJPY,24.0,1.2,-0.28297515640196713,-0.1282738809187529,-1.558057590664585,-0.3040120396069931,707,,
mean_reversion__USDJPY__entry_z-1p5__lookback-24,mean_reversion__USDJPY__entry_z-1p2__lookback-29,mean_reversion,USDJPY,29.0,1.2,-0.2830785159723529,-0.12832574198518554,-1.5660853537344304,-0.2960399303276422,588,,
mean_reversion__USDJPY__entry_z-1p5__lookback-24,mean_reversion__USDJPY__entry_z-1p5__lookback-19,mean_reversion,USDJPY,19.0,1.5,-0.25062066493189783,-0.1122506871378448,-1.3875327530547426,-0.2763841029745874,769,,
mean_reversion__USDJPY__entry_z-1p5__lookback-24,mean_reversion__USDJPY__entry_z-1p5__lookback-29,mean_reversion,USDJPY,29.0,1.5,-0.2280043586467413,-0.10129015721413748,-1.2430906577631544,-0.24468729498341646,522,,
mean_reversion__USDJPY__entry_z-1p5__lookback-24,mean_reversion__USDJPY__entry_z-1p8__lookback-19,mean_reversion,USDJPY,19.0,1.8,-0.21307304912866543,-0.09415702173911278,-1.2045703046733498,-0.24685320873828942,653,,
mean_reversion__USDJPY__entry_z-1p5__lookback-24,mean_reversion__USDJPY__entry_z-1p8__lookback-24,mean_reversion,USDJPY,24.0,1.8,-0.1834577598229279,-0.08024055299325106,-1.0108238587786724,-0.20428754109575775,546,,
mean_reversion__USDJPY__entry_z-1p5__lookback-24,mean_reversion__USDJPY__entry_z-1p8__lookback-29,mean_reversion,USDJPY,29.0,1.8,-0.20756360929616058,-0.09154508920245774,-1.1550937681160522,-0.2221270622498438,457,,
mean_reversion__USDJPY__entry_z-1p5__lookback-48,mean_reversion__USDJPY__entry_z-1p2__lookback-38,mean_reversion,USDJPY,38.0,1.2,-0.1844992966127581,-0.0807249031851981,-0.9468486126046881,-0.20519442345772254,474,,
mean_reversion__USDJPY__entry_z-1p5__lookback-48,mean_reversion__USDJPY__entry_z-1p2__lookback-48,mean_reversion,USDJPY,48.0,1.2,-0.14846400424787842,-0.06417356109245875,-0.7415640307226907,-0.20132416725128321,389,,
mean_reversion__USDJPY__entry_z-1p5__lookback-48,mean_reversion__USDJPY__entry_z-1p2__lookback-58,mean_reversion,USDJPY,58.0,1.2,-0.1566817593735298,-0.06791128586570228,-0.7762168908282842,-0.20042038081610436,325,,
mean_reversion__USDJPY__entry_z-1p5__lookback-48,mean_reversion__USDJPY__entry_z-1p5__lookback-38,mean_reversion,USDJPY,38.0,1.5,-0.16569401592602884,-0.0720350546265891,-0.8597458482144936,-0.19149447923410512,417,,
mean_reversion__USDJPY__entry_z-1p5__lookback-48,mean_reversion__USDJPY__entry_z-1p5__lookback-58,mean_reversion,USDJPY,58.0,1.5,-0.13409723868533074,-0.057689607651118746,-0.6791452301098734,-0.18648945211518564,280,,
mean_reversion__USDJPY__entry_z-1p5__lookback-48,mean_reversion__USDJPY__entry_z-1p8__lookback-38,mean_reversion,USDJPY,38.0,1.8,-0.13496825769634668,-0.058080905385016424,-0.7059515132803662,-0.17174152604274417,364,,
mean_reversion__USDJPY__entry_z-1p5__lookback-48,mean_reversion__USDJPY__entry_z-1p8__lookback-48,mean_reversion,USDJPY,48.0,1.8,-0.0957383860376444,-0.04068131421894694,-0.48226077134629836,-0.14754812168797105,300,,
mean_reversion__USDJPY__entry_z-1p5__lookback-48,mean_reversion__USDJPY__entry_z-1p8__lookback-58,mean_reversion,USDJPY,58.0,1.8,-0.09556942188921935,-0.040607342441977945,-0.4737375546431501,-0.15067926578703628,247,,
mean_reversion__USDJPY__entry_z-1p5__lookback-96,mean_reversion__USDJPY__entry_z-1p2__lookback-77,mean_reversion,USDJPY,77.0,1.2,-0.14110034813147976,-0.06084226604520815,-0.6857704274117943,-0.21160977700734163,250,,
mean_reversion__USDJPY__entry_z-1p5__lookback-96,mean_reversion__USDJPY__entry_z-1p2__lookback-96,mean_reversion,USDJPY,96.0,1.2,-0.11921051842498231,-0.05103730329009737,-0.5579255571653543,-0.1783899264480504,210,,
mean_reversion__USDJPY__entry_z-1p5__lookback-96,mean_reversion__USDJPY__entry_z-1p2__lookback-115,mean_reversion,USDJPY,115.0,1.2,-0.05497599975887002,-0.023065503781863672,-0.2228593758083439,-0.11430524466436764,183,,
mean_reversion__USDJPY__entry_z-1p5__lookback-96,mean_reversion__USDJPY__entry_z-1p5__lookback-77,mean_reversion,USDJPY,77.0,1.5,-0.11201688597174086,-0.04784640161484133,-0.5423983388279604,-0.17558406568404916,215,,
mean_reversion__USDJPY__entry_z-1p5__lookback-96,mean_reversion__USDJPY__entry_z-1p5__lookback-115,mean_reversion,USDJPY,115.0,1.5,-0.09750067630586079,-0.04145332166320559,-0.45989160217650016,-0.1523435283484299,150,,
mean_reversion__USDJPY__entry_z-1p5__lookback-96,mean_reversion__USDJPY__entry_z-1p8__lookback-77,mean_reversion,USDJPY,77.0,1.8,-0.07711077737125693,-0.03257458374338251,-0.3624316581238232,-0.1384693328413421,194,,
mean_reversion__USDJPY__entry_z-1p5__lookback-96,mean_reversion__USDJPY__entry_z-1p8__lookback-96,mean_reversion,USDJPY,96.0,1.8,-0.06301254222559416,-0.026502716759419176,-0.29011926113818265,-0.13046372998207478,162,,
mean_reversion__USDJPY__entry_z-1p5__lookback-96,mean_reversion__USDJPY__entry_z-1p8__lookback-115,mean_reversion,USDJPY,115.0,1.8,-0.036117899201664194,-0.015066768311201795,-0.14509978103308632,-0.11244518285338623,136,,
mean_reversion__USDJPY__entry_z-2__lookback-24,mean_reversion__USDJPY__entry_z-2__lookback-19,mean_reversion,USDJPY,19.0,2.0,-0.22435931544040222,-0.09954138691965009,-1.3493091025078048,-0.24666998579803112,564,,
mean_reversion__USDJPY__entry_z-2__lookback-24,mean_reversion__USDJPY__entry_z-2__lookback-29,mean_reversion,USDJPY,29.0,2.0,-0.18867285986055105,-0.08266940622324004,-1.087355686954993,-0.20872843529715523,404,,
mean_reversion__USDJPY__entry_z-2__lookback-48,mean_reversion__USDJPY__entry_z-2__lookback-38,mean_reversion,USDJPY,38.0,2.0,-0.13663956742534822,-0.05883237528563279,-0.7596261853925745,-0.1729134910128708,324,,
mean_reversion__USDJPY__entry_z-2__lookback-48,mean_reversion__USDJPY__entry_z-2__lookback-58,mean_reversion,USDJPY,58.0,2.0,-0.048983305549028744,-0.02051359901388461,-0.22446151943898024,-0.11558888532703115,227,,
mean_reversion__USDJPY__entry_z-2__lookback-96,mean_reversion__USDJPY__entry_z-2__lookback-77,mean_reversion,USDJPY,77.0,2.0,-0.044161362174197194,-0.018467090733977343,-0.19164185643108142,-0.1107734187327657,177,,
mean_reversion__USDJPY__entry_z-2__lookback-96,mean_reversion__USDJPY__entry_z-2__lookback-115,mean_reversion,USDJPY,115.0,2.0,0.013589305613592728,0.0055859833067108955,0.10964070997394854,-0.09408006620061227,126,,
mean_reversion__XAUUSD__entry_z-1p5__lookback-24,mean_reversion__XAUUSD__entry_z-1p2__lookback-19,mean_reversion,XAUUSD,19.0,1.2,-0.6056791191048672,-0.31891328800001983,-2.0629632364411488,-0.6333655042420171,838,,
mean_reversion__XAUUSD__entry_z-1p5__lookback-24,mean_reversion__XAUUSD__entry_z-1p2__lookback-24,mean_reversion,XAUUSD,24.0,1.2,-0.4824024202517243,-0.2379890662663141,-1.3903086044902397,-0.5507624465383192,709,,
mean_reversion__XAUUSD__entry_z-1p5__lookback-24,mean_reversion__XAUUSD__entry_z-1p2__lookback-29,mean_reversion,XAUUSD,29.0,1.2,-0.45321171887389355,-0.2205381347166343,-1.2682347377254033,-0.5328659412432297,593,,
mean_reversion__XAUUSD__entry_z-1p5__lookback-24,mean_reversion__XAUUSD__entry_z-1p5__lookback-19,mean_reversion,XAUUSD,19.0,1.5,-0.5336105029044649,-0.27005744416919586,-1.7360026192586617,-0.5817074076113764,733,,
mean_reversion__XAUUSD__entry_z-1p5__lookback-24,mean_reversion__XAUUSD__entry_z-1p5__lookback-29,mean_reversion,XAUUSD,29.0,1.5,-0.43670875655785213,-0.21091361203063208,-1.2528737849369713,-0.5287463874896485,515,,
mean_reversion__XAUUSD__entry_z-1p5__lookback-24,mean_reversion__XAUUSD__entry_z-1p8__lookback-19,mean_reversion,XAUUSD,19.0,1.8,-0.42961777682929225,-0.20682903550538367,-1.3111905192026048,-0.4944303673918852,642,,
mean_reversion__XAUUSD__entry_z-1p5__lookback-24,mean_reversion__XAUUSD__entry_z-1p8__lookback-24,mean_reversion,XAUUSD,24.0,1.8,-0.44790428137258553,-0.21742445293198076,-1.3361640517192903,-0.5202178845526526,521,,
mean_reversion__XAUUSD__entry_z-1p5__lookback-24,mean_reversion__XAUUSD__entry_z-1p8__lookback-29,mean_reversion,XAUUSD,29.0,1.8,-0.4082713755582552,-0.19471004005962378,-1.1828594295355845,-0.5202842576364182,442,,
mean_reversion__XAUUSD__entry_z-1p5__lookback-48,mean_reversion__XAUUSD__entry_z-1p2__lookback-38,mean_reversion,XAUUSD,38.0,1.2,-0.44577721692478944,-0.21618151657819973,-1.2373109346744533,-0.5772620885250141,479,,
mean_reversion__XAUUSD__entry_z-1p5__lookback-48,mean_reversion__XAUUSD__entry_z-1p2__lookback-48,mean_reversion,XAUUSD,48.0,1.2,-0.3354688482535678,-0.15520764130540754,-0.8309303592070435,-0.5013066514178346,396,,
mean_reversion__XAUUSD__entry_z-1p5__lookback-48,mean_reversion__XAUUSD__entry_z-1p2__lookback-58,mean_reversion,XAUUSD,58.0,1.2,-0.39437398618690755,-0.18695754868159586,-1.028116304244766,-0.5445657350072838,320,,
mean_reversion__XAUUSD__entry_z-1p5__lookback-48,mean_reversion__XAUUSD__entry_z-1p5__lookback-38,mean_reversion,XAUUSD,38.0,1.5,-0.44263842774509277,-0.21435249199781148,-1.2563777666134328,-0.5457591693600969,411,,
mean_reversion__XAUUSD__entry_z-1p5__lookback-48,mean_reversion__XAUUSD__entry_z-1p5__lookback-58,mean_reversion,XAUUSD,58.0,1.5,-0.43159940346951375,-0.20796748366791762,-1.2047420023990199,-0.5553955796425396,269,,
mean_reversion__XAUUSD__entry_z-1p5__lookback-48,mean_reversion__XAUUSD__entry_z-1p8__lookback-38,mean_reversion,XAUUSD,38.0,1.8,-0.40128637717335336,-0.19080033202001978,-1.145273142170305,-0.5290614609885228,359,,
mean_reversion__XAUUSD__entry_z-1p5__lookback-48,mean_reversion__XAUUSD__entry_z-1p8__lookback-48,mean_reversion,XAUUSD,48.0,1.8,-0.3579224274553299,-0.16710725604006138,-0.973225451860651,-0.49469504552898225,295,,
mean_reversion__XAUUSD__entry_z-1p5__lookback-48,mean_reversion__XAUUSD__entry_z-1p8__lookback-58,mean_reversion,XAUUSD,58.0,1.8,-0.44547649222754393,-0.21600601622585225,-1.3146805244515873,-0.5496894006646463,227,,
mean_reversion__XAUUSD__entry_z-1p5__lookback-96,mean_reversion__XAUUSD__entry_z-1p2__lookback-77,mean_reversion,XAUUSD,77.0,1.2,-0.37101912969761064,-0.17416120385876066,-0.9680746307600453,-0.5055109300267241,246,,
mean_reversion__XAUUSD__entry_z-1p5__lookback-96,mean_reversion__XAUUSD__entry_z-1p2__lookback-96,mean_reversion,XAUUSD,96.0,1.2,-0.3861836189625728,-0.1824374989418608,-1.016754359524697,-0.49401245917282477,196,,
mean_reversion__XAUUSD__entry_z-1p5__lookback-96,mean_reversion__XAUUSD__entry_z-1p2__lookback-115,mean_reversion,XAUUSD,115.0,1.2,-0.3816057041174804,-0.17992648725156224,-0.990392739119702,-0.45544772490154783,158,,
mean_reversion__XAUUSD__entry_z-1p5__lookback-96,mean_reversion__XAUUSD__entry_z-1p5__lookback-77,mean_reversion,XAUUSD,77.0,1.5,-0.3575451939294121,-0.16690533391580353,-0.9611348035746615,-0.4922321467810633,213,,
mean_reversion__XAUUSD__entry_z-1p5__lookback-96,mean_reversion__XAUUSD__entry_z-1p5__lookback-115,mean_reversion,XAUUSD,115.0,1.5,-0.3883271857897339,-0.18361703825190367,-1.0537318626472103,-0.4501353670397559,132,,
mean_reversion__XAUUSD__entry_z-1p5__lookback-96,mean_reversion__XAUUSD__entry_z-1p8__lookback-77,mean_reversion,XAUUSD,77.0,1.8,-0.32071041673401,-0.14751433016468407,-0.8686242728400729,-0.4664358335375719,180,,
mean_reversion__XAUUSD__entry_z-1p5__lookback-96,mean_reversion__XAUUSD__entry_z-1p8__lookback-96,mean_reversion,XAUUSD,96.0,1.8,-0.3094648477265143,-0.14171787413403114,-0.8249339501631021,-0.44546421101137335,150,,
mean_reversion__XAUUSD__entry_z-1p5__lookback-96,mean_reversion__XAUUSD__entry_z-1p8__lookback-115,mean_reversion,XAUUSD,115.0,1.8,-0.39180346453016845,-0.18553510029374765,-1.120666510350869,-0.46836138757363077,112,,
mean_reversion__XAUUSD__entry_z-2__lookback-24,mean_reversion__XAUUSD__entry_z-2__lookback-19,mean_reversion,XAUUSD,19.0,2.0,-0.4295981776690194,-0.20681778736151935,-1.3628380838261394,-0.5006747091538507,570,,
mean_reversion__XAUUSD__entry_z-2__lookback-24,mean_reversion__XAUUSD__entry_z-2__lookback-29,mean_reversion,XAUUSD,29.0,2.0,-0.3909627441815513,-0.18507063768972765,-1.1527813559319897,-0.4947035918527234,394,,
mean_reversion__XAUUSD__entry_z-2__lookback-48,mean_reversion__XAUUSD__entry_z-2__lookback-38,mean_reversion,XAUUSD,38.0,2.0,-0.4117922729565662,-0.19669106789154978,-1.228978659176715,-0.522537132892611,317,,
mean_reversion__XAUUSD__entry_z-2__lookback-48,mean_reversion__XAUUSD__entry_z-2__lookback-58,mean_reversion,XAUUSD,58.0,2.0,-0.41686397530179387,-0.19955693341665304,-1.2359902676160752,-0.5405005064265849,207,,
mean_reversion__XAUUSD__entry_z-2__lookback-96,mean_reversion__XAUUSD__entry_z-2__lookback-77,mean_reversion,XAUUSD,77.0,2.0,-0.3892271838094228,-0.18411300322717317,-1.1674048459902346,-0.5031385165019144,158,,
mean_reversion__XAUUSD__entry_z-2__lookback-96,mean_reversion__XAUUSD__entry_z-2__lookback-115,mean_reversion,XAUUSD,115.0,2.0,-0.34005172424775476,-0.157617000244743,-0.9423724334673462,-0.4217426712463469,105,,
trend__ETHUSD__fast_window-12__slow_window-120,trend__ETHUSD__fast_window-10__slow_window-96,trend,ETHUSD,,,-0.2634762356721002,-0.11856765692270876,0.14508976838370896,-0.7120024830595482,307,10.0,96.0
trend__ETHUSD__fast_window-12__slow_window-120,trend__ETHUSD__fast_window-10__slow_window-120,trend,ETHUSD,,,-0.17593606453165767,-0.07675343069581875,0.21437395698283176,-0.6636183349391167,286,10.0,120.0
trend__ETHUSD__fast_window-12__slow_window-120,trend__ETHUSD__fast_window-10__slow_window-144,trend,ETHUSD,,,0.5079851231290942,0.18474017494009876,0.5870855309809325,-0.5368759762589254,234,10.0,144.0
trend__ETHUSD__fast_window-12__slow_window-120,trend__ETHUSD__fast_window-12__slow_window-96,trend,ETHUSD,,,-0.3815033965629344,-0.1798628396458063,0.03742343352209016,-0.7508116159574776,298,12.0,96.0
trend__ETHUSD__fast_window-12__slow_window-120,trend__ETHUSD__fast_window-12__slow_window-144,trend,ETHUSD,,,0.607135525059971,0.21628768163649514,0.6263736139869017,-0.5591167898691624,218,12.0,144.0
trend__ETHUSD__fast_window-12__slow_window-120,trend__ETHUSD__fast_window-14__slow_window-96,trend,ETHUSD,,,-0.01489677436841541,-0.006174893570298101,0.32447702438362214,-0.5835872990580724,262,14.0,96.0
trend__ETHUSD__fast_window-12__slow_window-120,trend__ETHUSD__fast_window-14__slow_window-120,trend,ETHUSD,,,0.3563252666088146,0.13403265484205829,0.5216877936259998,-0.6318096869987235,236,14.0,120.0
trend__ETHUSD__fast_window-12__slow_window-120,trend__ETHUSD__fast_window-14__slow_window-144,trend,ETHUSD,,,0.23060081750615447,0.08940831652817938,0.4617428363078923,-0.5944939517583117,202,14.0,144.0
trend__ETHUSD__fast_window-12__slow_window-240,trend__ETHUSD__fast_window-10__slow_window-192,trend,ETHUSD,,,-0.005329728141347245,-0.0022029907091887235,0.3303160875442532,-0.5625632064321424,214,10.0,192.0
trend__ETHUSD__fast_window-12__slow_window-240,trend__ETHUSD__fast_window-10__slow_window-240,trend,ETHUSD,,,0.1301261300031784,0.051780407408392515,0.40905086884045727,-0.6067567732064152,178,10.0,240.0
trend__ETHUSD__fast_window-12__slow_window-240,trend__ETHUSD__fast_window-10__slow_window-288,trend,ETHUSD,,,0.3161818517384649,0.12005866064641779,0.5030950797223769,-0.5575279307143006,150,10.0,288.0
trend__ETHUSD__fast_window-12__slow_window-240,trend__ETHUSD__fast_window-12__slow_window-192,trend,ETHUSD,,,-0.07175551344607123,-0.03026178997672635,0.2876874857605855,-0.5941741848775899,198,12.0,192.0
trend__ETHUSD__fast_window-12__slow_window-240,trend__ETHUSD__fast_window-12__slow_window-288,trend,ETHUSD,,,0.15814445241642083,0.06246442376495631,0.4241933575265657,-0.5805848506163662,146,12.0,288.0
trend__ETHUSD__fast_window-12__slow_window-240,trend__ETHUSD__fast_window-14__slow_window-192,trend,ETHUSD,,,0.10589820452515752,0.042415625982393346,0.3956937984849693,-0.5849222260186534,192,14.0,192.0
trend__ETHUSD__fast_window-12__slow_window-240,trend__ETHUSD__fast_window-14__slow_window-240,trend,ETHUSD,,,0.2945276547148228,0.11241669681603561,0.49279230609793756,-0.6003785191291877,160,14.0,240.0
trend__ETHUSD__fast_window-12__slow_window-240,trend__ETHUSD__fast_window-14__slow_window-288,trend,ETHUSD,,,0.03250838261609301,0.013290049562064254,0.35340265989509956,-0.5507852734022747,130,14.0,288.0
trend__ETHUSD__fast_window-12__slow_window-72,trend__ETHUSD__fast_window-10__slow_window-58,trend,ETHUSD,,,-0.6474308055994487,-0.34964396584471313,-0.30930372100813214,-0.8291572547591028,409,10.0,58.0
trend__ETHUSD__fast_window-12__slow_window-72,trend__ETHUSD__fast_window-10__slow_window-72,trend,ETHUSD,,,-0.5944874085002245,-0.3109886779696932,-0.2229870927444501,-0.8265751596615013,359,10.0,72.0
trend__ETHUSD__fast_window-12__slow_window-72,trend__ETHUSD__fast_window-10__slow_window-86,trend,ETHUSD,,,-0.3602949123498904,-0.16837155927077996,0.05813574928481696,-0.764352680774508,327,10.0,86.0
trend__ETHUSD__fast_window-12__slow_window-72,trend__ETHUSD__fast_window-12__slow_window-58,trend,ETHUSD,,,-0.7736977255170443,-0.45839208934301534,-0.582712496671175,-0.8892276408535843,383,12.0,58.0
trend__ETHUSD__fast_window-12__slow_window-72,trend__ETHUSD__fast_window-12__slow_window-86,trend,ETHUSD,,,-0.40352416604279806,-0.19204184606363028,0.015022867975702037,-0.76655184796335,307,12.0,86.0
trend__ETHUSD__fast_window-12__slow_window-72,trend__ETHUSD__fast_window-14__slow_window-58,trend,ETHUSD,,,-0.7316468549511415,-0.4189258268307582,-0.477561164939513,-0.8742996975148747,357,14.0,58.0
trend__ETHUSD__fast_window-12__slow_window-72,trend__ETHUSD__fast_window-14__slow_window-72,trend,ETHUSD,,,-0.4409500446724748,-0.21336225651691654,-0.025024582694010047,-0.8161046916935916,313,14.0,72.0
trend__ETHUSD__fast_window-12__slow_window-72,trend__ETHUSD__fast_window-14__slow_window-86,trend,ETHUSD,,,-0.3548350510443652,-0.16544960982416024,0.06344583538718189,-0.7447840998193511,290,14.0,86.0
trend__ETHUSD__fast_window-24__slow_window-120,trend__ETHUSD__fast_window-19__slow_window-96,trend,ETHUSD,,,0.8789830432604762,0.2973163523556186,0.7226393808675532,-0.5174984633373856,212,19.0,96.0
trend__ETHUSD__fast_window-24__slow_window-120,trend__ETHUSD__fast_window-19__slow_window-120,trend,ETHUSD,,,0.8423919685577748,0.28682993969016324,0.7104643638423288,-0.6092873650361531,192,19.0,120.0
trend__ETHUSD__fast_window-24__slow_window-120,trend__ETHUSD__fast_window-19__slow_window-144,trend,ETHUSD,,,0.4478676266573025,0.1650151782946303,0.5618613016908298,-0.5950234661941939,170,19.0,144.0
trend__ETHUSD__fast_window-24__slow_window-120,trend__ETHUSD__fast_window-24__slow_window-96,trend,ETHUSD,,,1.0247277601290414,0.3379355498460115,0.7686800828849757,-0.5403332700743216,188,24.0,96.0
trend__ETHUSD__fast_window-24__slow_window-120,trend__ETHUSD__fast_window-24__slow_window-144,trend,ETHUSD,,,0.1609245321881243,0.06351621506745175,0.4256449938706103,-0.6098694344685637,156,24.0,144.0
trend__ETHUSD__fast_window-24__slow_window-120,trend__ETHUSD__fast_window-29__slow_window-96,trend,ETHUSD,,,0.1739443758600565,0.06842244859217272,0.43319189958993826,-0.6802798705417852,176,29.0,96.0
trend__ETHUSD__fast_window-24__slow_window-120,trend__ETHUSD__fast_window-29__slow_window-120,trend,ETHUSD,,,0.6699988421934451,0.23570065934988604,0.6498660366818395,-0.5119110794281609,162,29.0,120.0
trend__ETHUSD__fast_window-24__slow_window-120,trend__ETHUSD__fast_window-29__slow_window-144,trend,ETHUSD,,,0.35438320984549665,0.13336225663771506,0.5207078461216554,-0.5688963327453769,140,29.0,144.0
trend__ETHUSD__fast_window-24__slow_window-240,trend__ETHUSD__fast_window-19__slow_window-192,trend,ETHUSD,,,0.3356822538149804,0.12687758784761227,0.5121846122151192,-0.582800452264118,146,19.0,192.0
trend__ETHUSD__fast_window-24__slow_window-240,trend__ETHUSD__fast_window-19__slow_window-240,trend,ETHUSD,,,-0.07005915348182301,-0.029530812913413307,0.28886854387857475,-0.5862258020062348,140,19.0,240.0
trend__ETHUSD__fast_window-24__slow_window-240,trend__ETHUSD__fast_window-19__slow_window-288,trend,ETHUSD,,,0.20209247130664343,0.0789212755030626,0.44717754421652783,-0.5545144177864206,110,19.0,288.0
trend__ETHUSD__fast_window-24__slow_window-240,trend__ETHUSD__fast_window-24__slow_window-192,trend,ETHUSD,,,0.434729327711995,0.16064066575523306,0.5562965580139294,-0.5526784840424592,132,24.0,192.0
trend__ETHUSD__fast_window-24__slow_window-240,trend__ETHUSD__fast_window-24__slow_window-288,trend,ETHUSD,,,0.23201772704530454,0.08992579864145434,0.4623256219923905,-0.5708667272420256,102,24.0,288.0
trend__ETHUSD__fast_window-24__slow_window-240,trend__ETHUSD__fast_window-29__slow_window-192,trend,ETHUSD,,,0.0905120175429166,0.036405727716037006,0.3871552727259639,-0.6206005911364125,120,29.0,192.0
trend__ETHUSD__fast_window-24__slow_window-240,trend__ETHUSD__fast_window-29__slow_window-240,trend,ETHUSD,,,0.3191620161139683,0.12110459175798516,0.5044697910317886,-0.6055963090399595,106,29.0,240.0
trend__ETHUSD__fast_window-24__slow_window-240,trend__ETHUSD__fast_window-29__slow_window-288,trend,ETHUSD,,,0.6045094378923377,0.21546708832605366,0.6252739994254687,-0.544280479552242,90,29.0,288.0
trend__ETHUSD__fast_window-24__slow_window-72,trend__ETHUSD__fast_window-19__slow_window-58,trend,ETHUSD,,,-0.6360100115908263,-0.3410310798300734,-0.28957817977495787,-0.8664849840206648,315,19.0,58.0
trend__ETHUSD__fast_window-24__slow_window-72,trend__ETHUSD__fast_window-19__slow_window-72,trend,ETHUSD,,,-0.3987937034149569,-0.18940358496983412,0.01974820169987398,-0.7978576510047202,294,19.0,72.0
trend__ETHUSD__fast_window-24__slow_window-72,trend__ETHUSD__fast_window-19__slow_window-86,trend,ETHUSD,,,0.13763925633907315,0.054660455012007114,0.413179856631189,-0.564411738339106,248,19.0,86.0
trend__ETHUSD__fast_window-24__slow_window-72,trend__ETHUSD__fast_window-24__slow_window-58,trend,ETHUSD,,,-0.44478346694843884,-0.21559281762836757,-0.02928818212665494,-0.7946994045678022,272,24.0,58.0
trend__ETHUSD__fast_window-24__slow_window-72,trend__ETHUSD__fast_window-24__slow_window-86,trend,ETHUSD,,,0.9425037816775257,0.3152392576899956,0.743146348495941,-0.514769423118089,200,24.0,86.0
trend__ETHUSD__fast_window-24__slow_window-72,trend__ETHUSD__fast_window-29__slow_window-58,trend,ETHUSD,,,-0.05854982968156952,-0.024591895450038037,0.29632959509287077,-0.722652394844211,254,29.0,58.0
trend__ETHUSD__fast_window-24__slow_window-72,trend__ETHUSD__fast_window-29__slow_window-72,trend,ETHUSD,,,0.8129114948692375,0.278291994665667,0.7006087475939173,-0.5352856457063699,200,29.0,72.0
trend__ETHUSD__fast_window-24__slow_window-72,trend__ETHUSD__fast_window-29__slow_window-86,trend,ETHUSD,,,0.7849787750838564,0.2701267378929939,0.6916502878401646,-0.6182072266756721,184,29.0,86.0
trend__SPXUSD__fast_window-12__slow_window-120,trend__SPXUSD__fast_window-10__slow_window-96,trend,SPXUSD,,,-0.25059745818353596,-0.1138954498097845,-0.6780027950949491,-0.35115830565747774,270,10.0,96.0
trend__SPXUSD__fast_window-12__slow_window-120,trend__SPXUSD__fast_window-10__slow_window-120,trend,SPXUSD,,,-0.2109046320639677,-0.09451705895240847,-0.5423449964974939,-0.3018904504079458,217,10.0,120.0
trend__SPXUSD__fast_window-12__slow_window-120,trend__SPXUSD__fast_window-10__slow_window-144,trend,SPXUSD,,,-0.20635296738782005,-0.09233141085369112,-0.5271988836461412,-0.30004147650442126,207,10.0,144.0
trend__SPXUSD__fast_window-12__slow_window-120,trend__SPXUSD__fast_window-12__slow_window-96,trend,SPXUSD,,,-0.24305855729234205,-0.11016982606174508,-0.651612488546548,-0.34155455878743135,238,12.0,96.0
trend__SPXUSD__fast_window-12__slow_window-120,trend__SPXUSD__fast_window-12__slow_window-144,trend,SPXUSD,,,-0.23513397814812387,-0.10627676710962697,-0.624232122991813,-0.32513429663721616,193,12.0,144.0
trend__SPXUSD__fast_window-12__slow_window-120,trend__SPXUSD__fast_window-14__slow_window-96,trend,SPXUSD,,,-0.2611407253131445,-0.11914248785949089,-0.7151396704286916,-0.3544640203679539,221,14.0,96.0
trend__SPXUSD__fast_window-12__slow_window-120,trend__SPXUSD__fast_window-14__slow_window-120,trend,SPXUSD,,,-0.2090169989430013,-0.09360975655591652,-0.5360639098865112,-0.3042230795467181,199,14.0,120.0
trend__SPXUSD__fast_window-12__slow_window-120,trend__SPXUSD__fast_window-14__slow_window-144,trend,SPXUSD,,,-0.1241740684588426,-0.054060086917023464,-0.26837635013104183,-0.26836965305319527,169,14.0,144.0
trend__SPXUSD__fast_window-12__slow_window-240,trend__SPXUSD__fast_window-10__slow_window-192,trend,SPXUSD,,,-0.1702371312420332,-0.07524147659618496,-0.41037753950902284,-0.3212523349950941,177,10.0,192.0
trend__SPXUSD__fast_window-12__slow_window-240,trend__SPXUSD__fast_window-10__slow_window-240,trend,SPXUSD,,,-0.08625881677752723,-0.0371060633030883,-0.15697535326704443,-0.27989015863493005,153,10.0,240.0
trend__SPXUSD__fast_window-12__slow_window-240,trend__SPXUSD__fast_window-10__slow_window-288,trend,SPXUSD,,,0.030709886407389142,0.01275952890047094,0.15954568501558125,-0.21573884475355165,133,10.0,288.0
trend__SPXUSD__fast_window-12__slow_window-240,trend__SPXUSD__fast_window-12__slow_window-192,trend,SPXUSD,,,-0.1969875920220494,-0.08785707542977694,-0.4964688752436915,-0.33677595053636955,159,12.0,192.0
trend__SPXUSD__fast_window-12__slow_window-240,trend__SPXUSD__fast_window-12__slow_window-288,trend,SPXUSD,,,-0.021236465201119215,-0.00895710822384499,0.023670726020182477,-0.21767350981726696,129,12.0,288.0
trend__SPXUSD__fast_window-12__slow_window-240,trend__SPXUSD__fast_window-14__slow_window-192,trend,SPXUSD,,,-0.17114732122794507,-0.07566681043713852,-0.41321671697065654,-0.3180057266326657,155,14.0,192.0
trend__SPXUSD__fast_window-12__slow_window-240,trend__SPXUSD__fast_window-14__slow_window-240,trend,SPXUSD,,,-0.12324581405081292,-0.0536399757002588,-0.2655348920504343,-0.2645796172530447,137,14.0,240.0
trend__SPXUSD__fast_window-12__slow_window-240,trend__SPXUSD__fast_window-14__slow_window-288,trend,SPXUSD,,,0.05880992297393717,0.024242614162691245,0.2302264183832854,-0.1746985655706922,119,14.0,288.0
trend__SPXUSD__fast_window-12__slow_window-72,trend__SPXUSD__fast_window-10__slow_window-58,trend,SPXUSD,,,-0.22342992361194136,-0.10056960354085587,-0.5844964279082165,-0.3286367140489739,334,10.0,58.0
trend__SPXUSD__fast_window-12__slow_window-72,trend__SPXUSD__fast_window-10__slow_window-72,trend,SPXUSD,,,-0.15451058943772567,-0.06793480924873252,-0.36101625110024804,-0.2612405581453491,296,10.0,72.0
trend__SPXUSD__fast_window-12__slow_window-72,trend__SPXUSD__fast_window-10__slow_window-86,trend,SPXUSD,,,-0.19857020476804788,-0.08861103696322115,-0.501627584575563,-0.30348973813174707,274,10.0,86.0
trend__SPXUSD__fast_window-12__slow_window-72,trend__SPXUSD__fast_window-12__slow_window-58,trend,SPXUSD,,,-0.18592620519232583,-0.0826113321320966,-0.4605268553100859,-0.290756839161748,298,12.0,58.0
trend__SPXUSD__fast_window-12__slow_window-72,trend__SPXUSD__fast_window-12__slow_window-86,trend,SPXUSD,,,-0.21627768197958164,-0.09710657040592685,-0.5602560221437369,-0.3256273513843826,264,12.0,86.0
trend__SPXUSD__fast_window-12__slow_window-72,trend__SPXUSD__fast_window-14__slow_window-58,trend,SPXUSD,,,-0.22264481006446202,-0.10018855785949232,-0.5817286275801061,-0.3160486633053191,284,14.0,58.0
trend__SPXUSD__fast_window-12__slow_window-72,trend__SPXUSD__fast_window-14__slow_window-72,trend,SPXUSD,,,-0.17612438207138448,-0.07799741387674453,-0.4290698634065466,-0.2989356898403265,246,14.0,72.0
trend__SPXUSD__fast_window-12__slow_window-72,trend__SPXUSD__fast_window-14__slow_window-86,trend,SPXUSD,,,-0.24189167309033655,-0.10959509666140532,-0.6476419680321166,-0.34540171653172225,248,14.0,86.0
trend__SPXUSD__fast_window-24__slow_window-120,trend__SPXUSD__fast_window-19__slow_window-96,trend,SPXUSD,,,-0.2463987165077094,-0.11181781632823706,-0.6632128227361596,-0.3301635174936798,203,19.0,96.0
trend__SPXUSD__fast_window-24__slow_window-120,trend__SPXUSD__fast_window-19__slow_window-120,trend,SPXUSD,,,-0.1738273852723754,-0.07692078819486525,-0.42172969595751847,-0.29600119226191957,167,19.0,120.0
trend__SPXUSD__fast_window-24__slow_window-120,trend__SPXUSD__fast_window-19__slow_window-144,trend,SPXUSD,,,-0.18805660965880533,-0.08361841959303351,-0.4673637496492773,-0.297246589910628,147,19.0,144.0
trend__SPXUSD__fast_window-24__slow_window-120,trend__SPXUSD__fast_window-24__slow_window-96,trend,SPXUSD,,,-0.22471021911953337,-0.10119146025748993,-0.588601674252339,-0.3137550208520422,183,24.0,96.0
trend__SPXUSD__fast_window-24__slow_window-120,trend__SPXUSD__fast_window-24__slow_window-144,trend,SPXUSD,,,-0.08585766322604227,-0.03692889106979291,-0.15586789788590472,-0.22893438581908465,135,24.0,144.0
trend__SPXUSD__fast_window-24__slow_window-120,trend__SPXUSD__fast_window-29__slow_window-96,trend,SPXUSD,,,-0.1298402048986277,-0.056630103372910634,-0.285437703561359,-0.27487611473037676,163,29.0,96.0
trend__SPXUSD__fast_window-24__slow_window-120,trend__SPXUSD__fast_window-29__slow_window-120,trend,SPXUSD,,,-0.06783138180755166,-0.029013594540832854,-0.10455012799731987,-0.2250871608861461,133,29.0,120.0
trend__SPXUSD__fast_window-24__slow_window-120,trend__SPXUSD__fast_window-29__slow_window-144,trend,SPXUSD,,,-0.10963841053829504,-0.04751092920075084,-0.22513985912941023,-0.2365980470479171,139,29.0,144.0
trend__SPXUSD__fast_window-24__slow_window-240,trend__SPXUSD__fast_window-19__slow_window-192,trend,SPXUSD,,,-0.14295162505345338,-0.06261462367182302,-0.325327237570583,-0.27149272160083315,133,19.0,192.0
trend__SPXUSD__fast_window-24__slow_window-240,trend__SPXUSD__fast_window-19__slow_window-240,trend,SPXUSD,,,0.0033311977366428103,0.0013949733858078517,0.08879527607195097,-0.19622698491659252,109,19.0,240.0
trend__SPXUSD__fast_window-24__slow_window-240,trend__SPXUSD__fast_window-19__slow_window-288,trend,SPXUSD,,,-0.004348090146738204,-0.0018248744517826987,0.06860598951560624,-0.1893822286574086,93,19.0,288.0
trend__SPXUSD__fast_window-24__slow_window-240,trend__SPXUSD__fast_window-24__slow_window-192,trend,SPXUSD,,,-0.16506625282078424,-0.07283024084388745,-0.3939649023930898,-0.2695976294422088,131,24.0,192.0
trend__SPXUSD__fast_window-24__slow_window-240,trend__SPXUSD__fast_window-24__slow_window-288,trend,SPXUSD,,,-0.04789948910563335,-0.020364369127336635,-0.04890182493479713,-0.22216498099356852,85,24.0,288.0
trend__SPXUSD__fast_window-24__slow_window-240,trend__SPXUSD__fast_window-29__slow_window-192,trend,SPXUSD,,,-0.05165681849463255,-0.021986719546822187,-0.05931894750050321,-0.21465655152063168,111,29.0,192.0
trend__SPXUSD__fast_window-24__slow_window-240,trend__SPXUSD__fast_window-29__slow_window-240,trend,SPXUSD,,,-0.06504064395198905,-0.027796159844250212,-0.09665238113751572,-0.24945746295983573,91,29.0,240.0
trend__SPXUSD__fast_window-24__slow_window-240,trend__SPXUSD__fast_window-29__slow_window-288,trend,SPXUSD,,,0.03067024978699906,0.01274320377631355,0.15943701819370826,-0.18698531260257734,77,29.0,288.0
trend__SPXUSD__fast_window-24__slow_window-72,trend__SPXUSD__fast_window-19__slow_window-58,trend,SPXUSD,,,-0.13487340947046011,-0.05892120246690302,-0.30065322014169,-0.26522564851834896,238,19.0,58.0
trend__SPXUSD__fast_window-24__slow_window-72,trend__SPXUSD__fast_window-19__slow_window-72,trend,SPXUSD,,,-0.2199191532819863,-0.09886742450864339,-0.5725399540548686,-0.3291622343380801,222,19.0,72.0
trend__SPXUSD__fast_window-24__slow_window-72,trend__SPXUSD__fast_window-19__slow_window-86,trend,SPXUSD,,,-0.24710275714399965,-0.11216572171844108,-0.6657518611542392,-0.34425481770957167,213,19.0,86.0
trend__SPXUSD__fast_window-24__slow_window-72,trend__SPXUSD__fast_window-24__slow_window-58,trend,SPXUSD,,,-0.23282607842859582,-0.10514738837308457,-0.6164168820112044,-0.34925917921769334,224,24.0,58.0
trend__SPXUSD__fast_window-24__slow_window-72,trend__SPXUSD__fast_window-24__slow_window-86,trend,SPXUSD,,,-0.19467923441678658,-0.08675891273412784,-0.4888419027224498,-0.2859014055950261,185,24.0,86.0
trend__SPXUSD__fast_window-24__slow_window-72,trend__SPXUSD__fast_window-29__slow_window-58,trend,SPXUSD,,,-0.20682980984500654,-0.0925600421891759,-0.5287721395194014,-0.33126831295428605,212,29.0,58.0
trend__SPXUSD__fast_window-24__slow_window-72,trend__SPXUSD__fast_window-29__slow_window-72,trend,SPXUSD,,,-0.23691844700101727,-0.10715136072421838,-0.6303860524565786,-0.32786951301058453,193,29.0,72.0
trend__SPXUSD__fast_window-24__slow_window-72,trend__SPXUSD__fast_window-29__slow_window-86,trend,SPXUSD,,,-0.1602095704662777,-0.07057340466270834,-0.3786828579596769,-0.2818084208892866,167,29.0,86.0
trend__USDJPY__fast_window-12__slow_window-120,trend__USDJPY__fast_window-10__slow_window-96,trend,USDJPY,,,0.000995983891278085,0.0004109148628330672,0.0529505135084129,-0.101847944648368,260,10.0,96.0
trend__USDJPY__fast_window-12__slow_window-120,trend__USDJPY__fast_window-10__slow_window-120,trend,USDJPY,,,0.0868251756971774,0.03495824932900149,0.40164836022262157,-0.10609489914574843,212,10.0,120.0
trend__USDJPY__fast_window-12__slow_window-120,trend__USDJPY__fast_window-10__slow_window-144,trend,USDJPY,,,0.029054986508899816,0.011890010369900228,0.1701256412048229,-0.13841907460797775,212,10.0,144.0
trend__USDJPY__fast_window-12__slow_window-120,trend__USDJPY__fast_window-12__slow_window-96,trend,USDJPY,,,0.04562265923741249,0.018581795848106708,0.2378110281797496,-0.10773179824012236,234,12.0,96.0
trend__USDJPY__fast_window-12__slow_window-120,trend__USDJPY__fast_window-12__slow_window-144,trend,USDJPY,,,0.02199771769676362,0.009020321499087824,0.1409537362038557,-0.16919505394904055,194,12.0,144.0
trend__USDJPY__fast_window-12__slow_window-120,trend__USDJPY__fast_window-14__slow_window-96,trend,USDJPY,,,0.07096814731827172,0.028699570872591673,0.3392838704722538,-0.11621445388745422,208,14.0,96.0
trend__USDJPY__fast_window-12__slow_window-120,trend__USDJPY__fast_window-14__slow_window-120,trend,USDJPY,,,0.08171252023746622,0.0329462066212276,0.3817158197439016,-0.10686338895115388,192,14.0,120.0
trend__USDJPY__fast_window-12__slow_window-120,trend__USDJPY__fast_window-14__slow_window-144,trend,USDJPY,,,0.030706919433600488,0.01256006319519365,0.1769235919026974,-0.1518195765092879,178,14.0,144.0
trend__USDJPY__fast_window-12__slow_window-240,trend__USDJPY__fast_window-10__slow_window-192,trend,USDJPY,,,0.009035658061343543,0.0037191005269308075,0.08685190727507983,-0.18791030283105326,184,10.0,192.0
trend__USDJPY__fast_window-12__slow_window-240,trend__USDJPY__fast_window-10__slow_window-240,trend,USDJPY,,,-0.0510542245101111,-0.021394400067402897,-0.17340129503646082,-0.21515347335535195,172,10.0,240.0
trend__USDJPY__fast_window-12__slow_window-240,trend__USDJPY__fast_window-10__slow_window-288,trend,USDJPY,,,-0.011646040496981813,-0.004822771710830676,-0.0009433942615942638,-0.18889523083451965,142,10.0,288.0
trend__USDJPY__fast_window-12__slow_window-240,trend__USDJPY__fast_window-12__slow_window-192,trend,USDJPY,,,-0.031345630874965,-0.013057194301855923,-0.08627959793530564,-0.20685396116654164,172,12.0,192.0
trend__USDJPY__fast_window-12__slow_window-240,trend__USDJPY__fast_window-12__slow_window-288,trend,USDJPY,,,-0.004900969371129382,-0.002025511445134076,0.027895644161165738,-0.18334788224954568,130,12.0,288.0
trend__USDJPY__fast_window-12__slow_window-240,trend__USDJPY__fast_window-14__slow_window-192,trend,USDJPY,,,-0.05596121750314842,-0.023485953774145862,-0.1954178473108438,-0.20527443154732194,166,14.0,192.0
trend__USDJPY__fast_window-12__slow_window-240,trend__USDJPY__fast_window-14__slow_window-240,trend,USDJPY,,,-0.08479071562099982,-0.03590514036587933,-0.3268866742897594,-0.21596437873752705,148,14.0,240.0
trend__USDJPY__fast_window-12__slow_window-240,trend__USDJPY__fast_window-14__slow_window-288,trend,USDJPY,,,-0.013353713792514932,-0.005532741245280581,-0.008254587422991656,-0.19701149015364738,126,14.0,288.0
trend__USDJPY__fast_window-12__slow_window-72,trend__USDJPY__fast_window-10__slow_window-58,trend,USDJPY,,,-0.043156827565603906,-0.01804151415519184,-0.13833610082985065,-0.10106261326139743,376,10.0,58.0
trend__USDJPY__fast_window-12__slow_window-72,trend__USDJPY__fast_window-10__slow_window-72,trend,USDJPY,,,-0.10505011244475515,-0.04477056738972063,-0.4216972434010095,-0.14032546053096362,332,10.0,72.0
trend__USDJPY__fast_window-12__slow_window-72,trend__USDJPY__fast_window-10__slow_window-86,trend,USDJPY,,,0.00934848728602633,0.003847510858286718,0.08816970299127476,-0.09788875259788588,288,10.0,86.0
trend__USDJPY__fast_window-12__slow_window-72,trend__USDJPY__fast_window-12__slow_window-58,trend,USDJPY,,,-0.039616920344023754,-0.01654390114616433,-0.12260664287855672,-0.09454248336262117,354,12.0,58.0
trend__USDJPY__fast_window-12__slow_window-72,trend__USDJPY__fast_window-12__slow_window-86,trend,USDJPY,,,-0.01047205575563781,-0.0043351023544154765,0.004119188074431354,-0.10147520647412789,254,12.0,86.0
trend__USDJPY__fast_window-12__slow_window-72,trend__USDJPY__fast_window-14__slow_window-58,trend,USDJPY,,,0.005302934554247907,0.002185082539052363,0.07113629289165106,-0.09788196487713396,310,14.0,58.0
trend__USDJPY__fast_window-12__slow_window-72,trend__USDJPY__fast_window-14__slow_window-72,trend,USDJPY,,,-0.028960402443652833,-0.012054967790507853,-0.07581832633682976,-0.10362262444984749,270,14.0,72.0
trend__USDJPY__fast_window-12__slow_window-72,trend__USDJPY__fast_window-14__slow_window-86,trend,USDJPY,,,0.012600779453299404,0.005181131304963893,0.10180461784416336,-0.10142906711153887,230,14.0,86.0
trend__USDJPY__fast_window-24__slow_window-120,trend__USDJPY__fast_window-19__slow_window-96,trend,USDJPY,,,0.11856875584866522,0.04732801746784965,0.5237159076239263,-0.11566882100737874,188,19.0,96.0
trend__USDJPY__fast_window-24__slow_window-120,trend__USDJPY__fast_window-19__slow_window-120,trend,USDJPY,,,0.027771085726216782,0.01136880139001506,0.1648347805502304,-0.13225323139233003,172,19.0,120.0
trend__USDJPY__fast_window-24__slow_window-120,trend__USDJPY__fast_window-19__slow_window-144,trend,USDJPY,,,-0.011511420692856378,-0.0047668338292281565,-0.0003793301075898776,-0.19027603419524897,160,19.0,144.0
trend__USDJPY__fast_window-24__slow_window-120,trend__USDJPY__fast_window-24__slow_window-96,trend,USDJPY,,,0.10306120422017462,0.041311193594330664,0.464537572739506,-0.12347454355953491,164,24.0,96.0
trend__USDJPY__fast_window-24__slow_window-120,trend__USDJPY__fast_window-24__slow_window-144,trend,USDJPY,,,-0.06936746984395825,-0.02923298485795489,-0.25600855938033834,-0.21583820724349279,160,24.0,144.0
trend__USDJPY__fast_window-24__slow_window-120,trend__USDJPY__fast_window-29__slow_window-96,trend,USDJPY,,,0.03127306058555135,0.01278955479777344,0.17924656396943162,-0.1610452178208739,160,29.0,96.0
trend__USDJPY__fast_window-24__slow_window-120,trend__USDJPY__fast_window-29__slow_window-120,trend,USDJPY,,,-0.009519119814477506,-0.003939505730418236,0.008167677321634202,-0.19815143440492955,144,29.0,120.0
trend__USDJPY__fast_window-24__slow_window-120,trend__USDJPY__fast_window-29__slow_window-144,trend,USDJPY,,,-0.04915037160912272,-0.020584613575979405,-0.16488221456533506,-0.1993706147282397,144,29.0,144.0
trend__USDJPY__fast_window-24__slow_window-240,trend__USDJPY__fast_window-19__slow_window-192,trend,USDJPY,,,-0.06623072252341144,-0.02788397996827008,-0.24170703751464873,-0.21675495331221317,144,19.0,192.0
trend__USDJPY__fast_window-24__slow_window-240,trend__USDJPY__fast_window-19__slow_window-240,trend,USDJPY,,,-0.05803611019981014,-0.02437227539866249,-0.2047136274754359,-0.21341737071673428,134,19.0,240.0
trend__USDJPY__fast_window-24__slow_window-240,trend__USDJPY__fast_window-19__slow_window-288,trend,USDJPY,,,-0.015072997635135477,-0.00624826733342676,-0.015655822422551428,-0.19793262403648026,118,19.0,288.0
trend__USDJPY__fast_window-24__slow_window-240,trend__USDJPY__fast_window-24__slow_window-192,trend,USDJPY,,,-0.03813899705814183,-0.015919602009090705,-0.1161273483254785,-0.20160839384444018,128,24.0,192.0
trend__USDJPY__fast_window-24__slow_window-240,trend__USDJPY__fast_window-24__slow_window-288,trend,USDJPY,,,-0.05164125282325138,-0.021644279647277553,-0.17603274754181553,-0.22423696312040275,98,24.0,288.0
trend__USDJPY__fast_window-24__slow_window-240,trend__USDJPY__fast_window-29__slow_window-192,trend,USDJPY,,,-0.052530052928113524,-0.022022786986392484,-0.17998699584455122,-0.18460569230294654,120,29.0,192.0
trend__USDJPY__fast_window-24__slow_window-240,trend__USDJPY__fast_window-29__slow_window-240,trend,USDJPY,,,0.029659118487652014,0.012135130063608335,0.17264154938504897,-0.17948358236872397,96,29.0,240.0
trend__USDJPY__fast_window-24__slow_window-240,trend__USDJPY__fast_window-29__slow_window-288,trend,USDJPY,,,-0.016577503821117445,-0.006875010003077775,-0.022142847944235742,-0.22043215386084591,92,29.0,288.0
trend__USDJPY__fast_window-24__slow_window-72,trend__USDJPY__fast_window-19__slow_window-58,trend,USDJPY,,,0.013885016266311778,0.005707046873752786,0.10717754278071498,-0.10190474414446726,252,19.0,58.0
trend__USDJPY__fast_window-24__slow_window-72,trend__USDJPY__fast_window-19__slow_window-72,trend,USDJPY,,,0.002709534311754469,0.0011173158685755524,0.06020829851065493,-0.11230294174755984,216,19.0,72.0
trend__USDJPY__fast_window-24__slow_window-72,trend__USDJPY__fast_window-19__slow_window-86,trend,USDJPY,,,0.15115395713042035,0.05981313104253516,0.6454819387940308,-0.1133337733920059,192,19.0,86.0
trend__USDJPY__fast_window-24__slow_window-72,trend__USDJPY__fast_window-24__slow_window-58,trend,USDJPY,,,0.043772038077661835,0.017837422484809018,0.23032150594036468,-0.11026978978804491,218,24.0,58.0
trend__USDJPY__fast_window-24__slow_window-72,trend__USDJPY__fast_window-24__slow_window-86,trend,USDJPY,,,0.11632169886359112,0.04645922304712147,0.5151612446889722,-0.11345735195056472,166,24.0,86.0
trend__USDJPY__fast_window-24__slow_window-72,trend__USDJPY__fast_window-29__slow_window-58,trend,USDJPY,,,0.029641584792131415,0.012128017155979887,0.17253729969419676,-0.11254830145201755,206,29.0,58.0
trend__USDJPY__fast_window-24__slow_window-72,trend__USDJPY__fast_window-29__slow_window-72,trend,USDJPY,,,0.0671062581801829,0.02716707671309293,0.32400114880058334,-0.12086733840416508,180,29.0,72.0
trend__USDJPY__fast_window-24__slow_window-72,trend__USDJPY__fast_window-29__slow_window-86,trend,USDJPY,,,0.09947261580156619,0.03991177866549478,0.45068946983307545,-0.12610261134942746,160,29.0,86.0
trend__XAUUSD__fast_window-12__slow_window-120,trend__XAUUSD__fast_window-10__slow_window-96,trend,XAUUSD,,,0.23001954730082397,0.08920030584723193,0.5177866546146696,-0.24470671924215104,279,10.0,96.0
trend__XAUUSD__fast_window-12__slow_window-120,trend__XAUUSD__fast_window-10__slow_window-120,trend,XAUUSD,,,0.39174678715355293,0.14616992641636517,0.7650963288640001,-0.21907286613473187,240,10.0,120.0
trend__XAUUSD__fast_window-12__slow_window-120,trend__XAUUSD__fast_window-10__slow_window-144,trend,XAUUSD,,,0.5203431119853552,0.18874707526472378,0.9421810728331719,-0.21192135767912368,210,10.0,144.0
trend__XAUUSD__fast_window-12__slow_window-120,trend__XAUUSD__fast_window-12__slow_window-96,trend,XAUUSD,,,0.3463383869611709,0.1305856854864338,0.6987730149154603,-0.2601335713244619,255,12.0,96.0
trend__XAUUSD__fast_window-12__slow_window-120,trend__XAUUSD__fast_window-12__slow_window-144,trend,XAUUSD,,,0.501555797610687,0.1826623229623705,0.9173844310729976,-0.19202670813176614,198,12.0,144.0
trend__XAUUSD__fast_window-12__slow_window-120,trend__XAUUSD__fast_window-14__slow_window-96,trend,XAUUSD,,,0.37986863068534493,0.1421225205176473,0.7480356347040248,-0.22810442175548495,233,14.0,96.0
trend__XAUUSD__fast_window-12__slow_window-120,trend__XAUUSD__fast_window-14__slow_window-120,trend,XAUUSD,,,0.5111508953765334,0.18577549205843558,0.9300855364922415,-0.2170883532205432,198,14.0,120.0
trend__XAUUSD__fast_window-12__slow_window-120,trend__XAUUSD__fast_window-14__slow_window-144,trend,XAUUSD,,,0.506107455043175,0.184140579066836,0.9233692141608741,-0.21663374806655478,184,14.0,144.0
trend__XAUUSD__fast_window-12__slow_window-240,trend__XAUUSD__fast_window-10__slow_window-192,trend,XAUUSD,,,0.651578393102012,0.2300693070048192,1.1082453257264369,-0.2281211272845285,156,10.0,192.0
trend__XAUUSD__fast_window-12__slow_window-240,trend__XAUUSD__fast_window-10__slow_window-240,trend,XAUUSD,,,0.1639994477670781,0.06468097203958267,0.4073291054258701,-0.31952862929777237,158,10.0,240.0
trend__XAUUSD__fast_window-12__slow_window-240,trend__XAUUSD__fast_window-10__slow_window-288,trend,XAUUSD,,,0.07251001638051102,0.029311916411387084,0.24341620289502486,-0.263346580646326,152,10.0,288.0
trend__XAUUSD__fast_window-12__slow_window-240,trend__XAUUSD__fast_window-12__slow_window-192,trend,XAUUSD,,,0.4443038227867273,0.16383920381225314,0.8395096525144023,-0.28010192123027844,140,12.0,192.0
trend__XAUUSD__fast_window-12__slow_window-240,trend__XAUUSD__fast_window-12__slow_window-288,trend,XAUUSD,,,0.056422833359050406,0.02291167247423087,0.2131526926059492,-0.2834415643090775,142,12.0,288.0
trend__XAUUSD__fast_window-12__slow_window-240,trend__XAUUSD__fast_window-14__slow_window-192,trend,XAUUSD,,,0.2684073447029467,0.10310311369961256,0.5793557402417628,-0.3325022792714398,138,14.0,192.0
trend__XAUUSD__fast_window-12__slow_window-240,trend__XAUUSD__fast_window-14__slow_window-240,trend,XAUUSD,,,0.1394744889652102,0.05536494328804964,0.36469540016186547,-0.31639639970244615,132,14.0,240.0
trend__XAUUSD__fast_window-12__slow_window-240,trend__XAUUSD__fast_window-14__slow_window-288,trend,XAUUSD,,,0.029848456721560668,0.012212512964500544,0.16213526181380336,-0.3047725880198734,132,14.0,288.0
trend__XAUUSD__fast_window-12__slow_window-72,trend__XAUUSD__fast_window-10__slow_window-58,trend,XAUUSD,,,0.05262320199160775,0.021391656736549303,0.2058655516860826,-0.2730209964612125,388,10.0,58.0
trend__XAUUSD__fast_window-12__slow_window-72,trend__XAUUSD__fast_window-10__slow_window-72,trend,XAUUSD,,,0.20180557891969486,0.07881885452762671,0.47124247806194075,-0.29971437347741403,317,10.0,72.0
trend__XAUUSD__fast_window-12__slow_window-72,trend__XAUUSD__fast_window-10__slow_window-86,trend,XAUUSD,,,0.30947725620633304,0.11770634741528574,0.6431341694372954,-0.24317673538473805,285,10.0,86.0
trend__XAUUSD__fast_window-12__slow_window-72,trend__XAUUSD__fast_window-12__slow_window-58,trend,XAUUSD,,,0.05974210241245226,0.02423689727428946,0.219364347125674,-0.2880257440930568,368,12.0,58.0
trend__XAUUSD__fast_window-12__slow_window-72,trend__XAUUSD__fast_window-12__slow_window-86,trend,XAUUSD,,,0.27149594442895575,0.10421089926008831,0.5841910925517794,-0.20076562169923318,271,12.0,86.0
trend__XAUUSD__fast_window-12__slow_window-72,trend__XAUUSD__fast_window-14__slow_window-58,trend,XAUUSD,,,0.22275064269693945,0.08653917021420776,0.5058785313496442,-0.309417363661885,322,14.0,58.0
trend__XAUUSD__fast_window-12__slow_window-72,trend__XAUUSD__fast_window-14__slow_window-72,trend,XAUUSD,,,0.35603119199801614,0.13393788669914097,0.7130860213403769,-0.2311790192494788,273,14.0,72.0
trend__XAUUSD__fast_window-12__slow_window-72,trend__XAUUSD__fast_window-14__slow_window-86,trend,XAUUSD,,,0.26345520058963445,0.10132362090717772,0.5715048622059801,-0.23384630312423715,251,14.0,86.0
trend__XAUUSD__fast_window-24__slow_window-120,trend__XAUUSD__fast_window-19__slow_window-96,trend,XAUUSD,,,0.5592335577342304,0.20120388985277837,0.9928909205555249,-0.21379524141105288,194,19.0,96.0
trend__XAUUSD__fast_window-24__slow_window-120,trend__XAUUSD__fast_window-19__slow_window-120,trend,XAUUSD,,,0.5009522179131023,0.18246609895831245,0.9164433503477618,-0.21589900621841251,176,19.0,120.0
trend__XAUUSD__fast_window-24__slow_window-120,trend__XAUUSD__fast_window-19__slow_window-144,trend,XAUUSD,,,0.5602109051378759,0.20151457576235332,0.994136006044221,-0.22453031937328383,144,19.0,144.0
trend__XAUUSD__fast_window-24__slow_window-120,trend__XAUUSD__fast_window-24__slow_window-96,trend,XAUUSD,,,0.6107040218762441,0.2174127709623077,1.0578751911155995,-0.2393840110767761,166,24.0,96.0
trend__XAUUSD__fast_window-24__slow_window-120,trend__XAUUSD__fast_window-24__slow_window-144,trend,XAUUSD,,,0.46271750346225793,0.1699402452371903,0.8648155127503044,-0.2417893297665329,120,24.0,144.0
trend__XAUUSD__fast_window-24__slow_window-120,trend__XAUUSD__fast_window-29__slow_window-96,trend,XAUUSD,,,0.5157356923685932,0.18725894998191284,0.9360755600304318,-0.26796948267316223,152,29.0,96.0
trend__XAUUSD__fast_window-24__slow_window-120,trend__XAUUSD__fast_window-29__slow_window-120,trend,XAUUSD,,,0.5107848067163931,0.18565692644157372,0.9296444947577487,-0.24439055011011168,126,29.0,120.0
trend__XAUUSD__fast_window-24__slow_window-120,trend__XAUUSD__fast_window-29__slow_window-144,trend,XAUUSD,,,0.4951757305278388,0.18058581199022838,0.9088170132317018,-0.252353066935469,114,29.0,144.0
trend__XAUUSD__fast_window-24__slow_window-240,trend__XAUUSD__fast_window-19__slow_window-192,trend,XAUUSD,,,0.2710494750932311,0.10405086225104343,0.5835423250403763,-0.2876431195765956,124,19.0,192.0
trend__XAUUSD__fast_window-24__slow_window-240,trend__XAUUSD__fast_window-19__slow_window-240,trend,XAUUSD,,,0.20066177321335288,0.0783949823191139,0.4694594167721445,-0.3327062434937791,108,19.0,240.0
trend__XAUUSD__fast_window-24__slow_window-240,trend__XAUUSD__fast_window-19__slow_window-288,trend,XAUUSD,,,0.08397611208345834,0.033839331457243604,0.2647204863386936,-0.2950815568269227,112,19.0,288.0
trend__XAUUSD__fast_window-24__slow_window-240,trend__XAUUSD__fast_window-24__slow_window-192,trend,XAUUSD,,,0.21879728701947987,0.08508795053087259,0.4994596869388556,-0.33106900264348904,110,24.0,192.0
trend__XAUUSD__fast_window-24__slow_window-240,trend__XAUUSD__fast_window-24__slow_window-288,trend,XAUUSD,,,-0.06195434603223238,-0.026050351445683018,-0.024837831802130686,-0.35953565647895136,106,24.0,288.0
trend__XAUUSD__fast_window-24__slow_window-240,trend__XAUUSD__fast_window-29__slow_window-192,trend,XAUUSD,,,0.41495673249954645,0.1540204120107671,0.7983483297047489,-0.2640130167140585,96,29.0,192.0
trend__XAUUSD__fast_window-24__slow_window-240,trend__XAUUSD__fast_window-29__slow_window-240,trend,XAUUSD,,,0.1004916336911148,0.04031136536630653,0.29500104570545416,-0.3377542112780004,100,29.0,240.0
trend__XAUUSD__fast_window-24__slow_window-240,trend__XAUUSD__fast_window-29__slow_window-288,trend,XAUUSD,,,-0.12861992604500583,-0.055236780888825776,-0.17244733959253264,-0.3830909730757197,96,29.0,288.0
trend__XAUUSD__fast_window-24__slow_window-72,trend__XAUUSD__fast_window-19__slow_window-58,trend,XAUUSD,,,0.33006521356558016,0.12492567728996562,0.6744151798545989,-0.2762770195391988,266,19.0,58.0
trend__XAUUSD__fast_window-24__slow_window-72,trend__XAUUSD__fast_window-19__slow_window-72,trend,XAUUSD,,,0.3750841466873156,0.14048645841512108,0.7410951015779498,-0.22354341070159034,225,19.0,72.0
trend__XAUUSD__fast_window-24__slow_window-72,trend__XAUUSD__fast_window-19__slow_window-86,trend,XAUUSD,,,0.5365309340470887,0.1939545943287777,0.9634278679670967,-0.2242969313496347,201,19.0,86.0
trend__XAUUSD__fast_window-24__slow_window-72,trend__XAUUSD__fast_window-24__slow_window-58,trend,XAUUSD,,,0.29283961923992496,0.1118233779247968,0.6175553491369641,-0.2642281510601783,233,24.0,58.0
trend__XAUUSD__fast_window-24__slow_window-72,trend__XAUUSD__fast_window-24__slow_window-86,trend,XAUUSD,,,0.5549694288519553,0.19984703948412097,0.9873079392116462,-0.21830186955319952,170,24.0,86.0
trend__XAUUSD__fast_window-24__slow_window-72,trend__XAUUSD__fast_window-29__slow_window-58,trend,XAUUSD,,,0.20556428091600232,0.0802100904639258,0.47756577090559627,-0.23132527695472183,215,29.0,58.0
trend__XAUUSD__fast_window-24__slow_window-72,trend__XAUUSD__fast_window-29__slow_window-72,trend,XAUUSD,,,0.4566613054862039,0.1679386369460747,0.8564901889174883,-0.22334172678671582,169,29.0,72.0
trend__XAUUSD__fast_window-24__slow_window-72,trend__XAUUSD__fast_window-29__slow_window-86,trend,XAUUSD,,,0.6145217424451557,0.21860283739682607,1.062605506171783,-0.24662116299001502,156,29.0,86.0
