candidate_id,family,symbol,lookback,entry_z,walkforward_first_test_start,walkforward_last_test_end,layer2_planned_folds,walkforward_gross_total_return,walkforward_gross_annual_return,walkforward_gross_annual_volatility,walkforward_gross_sharpe,walkforward_gross_max_drawdown,walkforward_gross_calmar,walkforward_net_total_return,walkforward_net_annual_return,walkforward_net_annual_volatility,walkforward_net_sharpe,walkforward_net_max_drawdown,walkforward_net_calmar,walkforward_window_count,walkforward_positive_window_count,walkforward_positive_window_fraction,walkforward_total_test_trades,walkforward_median_window_sharpe,walkforward_worst_window_sharpe,walkforward_best_window_sharpe,walkforward_median_window_return,walkforward_worst_window_return,walkforward_total_transaction_cost,walkforward_aggregate_max_drawdown,walkforward_observation_count,layer2_completed_folds,layer2_oos_total_trades,layer2_profitable_fold_share,layer2_parameter_selection_unique_count,layer2_parameter_selection_mode_share,layer2_selected_parameters_by_fold,layer2_fallback_fold_count,layer2_failed_criteria,layer2_primary_failure_reason,layer2_pass,failure_reason,fast_window,slow_window
mean_reversion__ETHUSD__entry_z-1p5__lookback-24,mean_reversion,ETHUSD,24.0,1.5,2021-12-29 22:00:00,2025-12-24 22:00:00,8,-0.8990198161727393,-0.4374035195904262,0.5665429817011625,-0.7305435413008082,-0.9407130285042725,-0.4649701942428659,-0.9518673190642918,-0.5328359581842878,0.5667288839057726,-1.0580672521839163,-0.9689261092710333,-0.5499242440532067,8,1,0.125,858,-1.7063976598225397,-2.5513019189468817,1.8444886330742816,-0.3139196695312396,-0.6090192825417884,0.7404478175491755,-0.9689261092710333,24837,8,858,0.125,3,0.5,"{""1"":""{\""entry_z\"":1.5,\""lookback\"":29}"",""2"":""{\""entry_z\"":1.5,\""lookback\"":29}"",""3"":""{\""entry_z\"":1.5,\""lookback\"":29}"",""4"":""{\""entry_z\"":1.2,\""lookback\"":29}"",""5"":""{\""entry_z\"":1.5,\""lookback\"":29}"",""6"":""{\""entry_z\"":1.8,\""lookback\"":29}"",""7"":""{\""entry_z\"":1.8,\""lookback\"":29}"",""8"":""{\""entry_z\"":1.2,\""lookback\"":29}""}",0,maximum_drawdown;minimum_oos_return;minimum_oos_sharpe;minimum_profitable_fold_share,maximum_drawdown,False,maximum_drawdown;minimum_oos_return;minimum_oos_sharpe;minimum_profitable_fold_share,,
mean_reversion__ETHUSD__entry_z-1p5__lookback-48,mean_reversion,ETHUSD,48.0,1.5,2021-12-29 22:00:00,2025-12-24 22:00:00,8,-0.924631333873813,-0.4772118963625146,0.584163195495439,-0.8168062803949009,-0.9501738430142819,-0.502236406391311,-0.9535051230949253,-0.5368756091688707,0.5842967382651918,-1.0238517485845617,-0.9670004588443444,-0.5551968504859729,8,1,0.125,577,-0.9861193584951422,-2.8830899401871086,1.4305445367963727,-0.24201816813974192,-0.7039706064745448,0.48266890392447276,-0.9670004588443444,24837,8,577,0.125,5,0.25,"{""1"":""{\""entry_z\"":1.8,\""lookback\"":38}"",""2"":""{\""entry_z\"":1.2,\""lookback\"":38}"",""3"":""{\""entry_z\"":1.8,\""lookback\"":38}"",""4"":""{\""entry_z\"":1.8,\""lookback\"":58}"",""5"":""{\""entry_z\"":1.5,\""lookback\"":58}"",""6"":""{\""entry_z\"":1.5,\""lookback\"":58}"",""7"":""{\""entry_z\"":1.2,\""lookback\"":58}"",""8"":""{\""entry_z\"":1.2,\""lookback\"":38}""}",0,maximum_drawdown;minimum_oos_return;minimum_oos_sharpe;minimum_profitable_fold_share,maximum_drawdown,False,maximum_drawdown;minimum_oos_return;minimum_oos_sharpe;minimum_profitable_fold_share,,
mean_reversion__ETHUSD__entry_z-1p5__lookback-96,mean_reversion,ETHUSD,96.0,1.5,2021-12-29 22:00:00,2025-12-24 22:00:00,8,-0.9395546486097812,-0.5053639584702545,0.5902831995175982,-0.8957899835051728,-0.9508042995707758,-0.531512066887363,-0.9531233481607089,-0.5359245449599767,0.5903998911292008,-1.003500554852056,-0.9616583913939745,-0.5572920173692093,8,3,0.375,300,-1.1362759549021826,-2.957876874281545,0.7888315876085568,-0.3901137325561563,-0.55318774994799,0.2539081345138357,-0.9616583913939745,24837,8,300,0.375,6,0.25,"{""1"":""{\""entry_z\"":1.2,\""lookback\"":96}"",""2"":""{\""entry_z\"":1.5,\""lookback\"":77}"",""3"":""{\""entry_z\"":1.2,\""lookback\"":96}"",""4"":""{\""entry_z\"":1.8,\""lookback\"":115}"",""5"":""{\""entry_z\"":1.8,\""lookback\"":115}"",""6"":""{\""entry_z\"":1.8,\""lookback\"":77}"",""7"":""{\""entry_z\"":1.2,\""lookback\"":115}"",""8"":""{\""entry_z\"":1.2,\""lookback\"":77}""}",0,maximum_drawdown;minimum_oos_return;minimum_oos_sharpe;minimum_profitable_fold_share,maximum_drawdown,False,maximum_drawdown;minimum_oos_return;minimum_oos_sharpe;minimum_profitable_fold_share,,
mean_reversion__ETHUSD__entry_z-2__lookback-24,mean_reversion,ETHUSD,24.0,2.0,2021-12-29 22:00:00,2025-12-24 22:00:00,8,-0.9015017946880517,-0.4409048888138044,0.5290498480674497,-0.8329172356187727,-0.9411138278692661,-0.4684926262448375,-0.9439442791410504,-0.5146314064281674,0.5292573383090501,-1.099534871820816,-0.9639947857815443,-0.533852894246661,8,1,0.125,654,-1.5257075239468207,-3.0198540306115698,1.8867380969996557,-0.26758188074512274,-0.7002189723366363,0.5631784862607843,-0.9639947857815443,24837,8,654,0.125,1,1.0,"{""1"":""{\""entry_z\"":2.0,\""lookback\"":29}"",""2"":""{\""entry_z\"":2.0,\""lookback\"":29}"",""3"":""{\""entry_z\"":2.0,\""lookback\"":29}"",""4"":""{\""entry_z\"":2.0,\""lookback\"":29}"",""5"":""{\""entry_z\"":2.0,\""lookback\"":29}"",""6"":""{\""entry_z\"":2.0,\""lookback\"":29}"",""7"":""{\""entry_z\"":2.0,\""lookback\"":29}"",""8"":""{\""entry_z\"":2.0,\""lookback\"":29}""}",0,maximum_drawdown;minimum_oos_return;minimum_oos_sharpe;minimum_profitable_fold_share,maximum_drawdown,False,maximum_drawdown;minimum_oos_return;minimum_oos_sharpe;minimum_profitable_fold_share,,
mean_reversion__ETHUSD__entry_z-2__lookback-48,mean_reversion,ETHUSD,48.0,2.0,2021-12-29 22:00:00,2025-12-24 22:00:00,8,-0.9018409088039157,-0.44138839868402413,0.5473993286472525,-0.788580645588281,-0.9190294244481079,-0.48027667770167976,-0.9311905050466484,-0.4890177081018523,0.5475293782653267,-0.9510081082586944,-0.9429116303004094,-0.5186251737567946,8,1,0.125,416,-1.1985763799407079,-2.741736877824321,1.7483463922879188,-0.2739581079590922,-0.6756748688008559,0.35491645065976735,-0.9429116303004094,24837,8,416,0.125,2,0.625,"{""1"":""{\""entry_z\"":2.0,\""lookback\"":38}"",""2"":""{\""entry_z\"":2.0,\""lookback\"":58}"",""3"":""{\""entry_z\"":2.0,\""lookback\"":58}"",""4"":""{\""entry_z\"":2.0,\""lookback\"":58}"",""5"":""{\""entry_z\"":2.0,\""lookback\"":58}"",""6"":""{\""entry_z\"":2.0,\""lookback\"":38}"",""7"":""{\""entry_z\"":2.0,\""lookback\"":58}"",""8"":""{\""entry_z\"":2.0,\""lookback\"":38}""}",0,maximum_drawdown;minimum_oos_return;minimum_oos_sharpe;minimum_profitable_fold_share,maximum_drawdown,False,maximum_drawdown;minimum_oos_return;minimum_oos_sharpe;minimum_profitable_fold_share,,
mean_reversion__ETHUSD__entry_z-2__lookback-96,mean_reversion,ETHUSD,96.0,2.0,2021-12-29 22:00:00,2025-12-24 22:00:00,8,-0.9048544193736927,-0.4457410039851075,0.5573322364512988,-0.7784773443477025,-0.9295177202540674,-0.4795400822087308,-0.9233951752435561,-0.4750739370515089,0.5574270868844773,-0.8757833134165118,-0.9430879075256736,-0.5037430055676714,8,3,0.375,248,-0.9674915427151035,-2.9089052921547904,1.613654359157065,-0.2685968761976385,-0.5849476208030455,0.21650956168515773,-0.9430879075256736,24837,8,248,0.375,2,0.625,"{""1"":""{\""entry_z\"":2.0,\""lookback\"":77}"",""2"":""{\""entry_z\"":2.0,\""lookback\"":77}"",""3"":""{\""entry_z\"":2.0,\""lookback\"":77}"",""4"":""{\""entry_z\"":2.0,\""lookback\"":115}"",""5"":""{\""entry_z\"":2.0,\""lookback\"":115}"",""6"":""{\""entry_z\"":2.0,\""lookback\"":77}"",""7"":""{\""entry_z\"":2.0,\""lookback\"":77}"",""8"":""{\""entry_z\"":2.0,\""lookback\"":115}""}",0,maximum_drawdown;minimum_oos_return;minimum_oos_sharpe;minimum_profitable_fold_share,maximum_drawdown,False,maximum_drawdown;minimum_oos_return;minimum_oos_sharpe;minimum_profitable_fold_share,,
mean_reversion__SPXUSD__entry_z-1p5__lookback-24,mean_reversion,SPXUSD,24.0,1.5,2021-12-29 23:00:00,2025-12-24 23:00:00,8,0.11828072926677291,0.028445151064436347,0.14187805834839579,0.26853296625300577,-0.17063131376255036,0.16670533934949636,-0.03159377868556601,-0.00802226985847998,0.14188175725777386,0.014073460153612358,-0.20788949208683172,-0.03858910702003746,8,4,0.5,893,0.08608898071944941,-1.1892113157880668,1.1072311819643073,0.0026722632257122902,-0.12050454626989127,0.1438938704789263,-0.20788949208683172,23673,8,893,0.5,3,0.625,"{""1"":""{\""entry_z\"":1.8,\""lookback\"":24}"",""2"":""{\""entry_z\"":1.8,\""lookback\"":29}"",""3"":""{\""entry_z\"":1.8,\""lookback\"":29}"",""4"":""{\""entry_z\"":1.2,\""lookback\"":24}"",""5"":""{\""entry_z\"":1.8,\""lookback\"":24}"",""6"":""{\""entry_z\"":1.8,\""lookback\"":24}"",""7"":""{\""entry_z\"":1.8,\""lookback\"":24}"",""8"":""{\""entry_z\"":1.8,\""lookback\"":24}""}",0,minimum_oos_return;minimum_oos_sharpe,minimum_oos_return,False,minimum_oos_return;minimum_oos_sharpe,,
mean_reversion__SPXUSD__entry_z-1p5__lookback-48,mean_reversion,SPXUSD,48.0,1.5,2021-12-29 23:00:00,2025-12-24 23:00:00,8,0.18775928890032367,0.04411647183633405,0.15304377862739,0.3583504767866665,-0.21260484675184388,0.20750454427705298,0.09463035370075223,0.022944315160787987,0.15305975215052733,0.22448560223428868,-0.24061518264544202,0.09535688857422407,8,4,0.5,512,0.1712815919529694,-1.6545714700653282,1.7696417141066596,-0.004038030477193977,-0.08296163472386642,0.08164231284634982,-0.24061518264544202,23673,8,512,0.5,3,0.375,"{""1"":""{\""entry_z\"":1.8,\""lookback\"":58}"",""2"":""{\""entry_z\"":1.8,\""lookback\"":58}"",""3"":""{\""entry_z\"":1.5,\""lookback\"":58}"",""4"":""{\""entry_z\"":1.5,\""lookback\"":58}"",""5"":""{\""entry_z\"":1.5,\""lookback\"":58}"",""6"":""{\""entry_z\"":1.8,\""lookback\"":58}"",""7"":""{\""entry_z\"":1.5,\""lookback\"":38}"",""8"":""{\""entry_z\"":1.5,\""lookback\"":38}""}",0,minimum_oos_sharpe,minimum_oos_sharpe,False,minimum_oos_sharpe,,
mean_reversion__SPXUSD__entry_z-1p5__lookback-96,mean_reversion,SPXUSD,96.0,1.5,2021-12-29 23:00:00,2025-12-24 23:00:00,8,-0.1012734417827551,-0.02643395710738894,0.1464771993327647,-0.10969393351525573,-0.27249345739148223,-0.09700767629591986,-0.13779870833943153,-0.03651584988690604,0.1464820865557912,-0.18074890299847626,-0.28440212245810115,-0.12839513844445954,8,4,0.5,261,0.019679688839880666,-2.4525759980627355,1.2503969221139128,-0.01300034476486911,-0.11835589026832527,0.041486839187042254,-0.28440212245810115,23673,8,261,0.5,4,0.625,"{""1"":""{\""entry_z\"":1.8,\""lookback\"":96}"",""2"":""{\""entry_z\"":1.8,\""lookback\"":115}"",""3"":""{\""entry_z\"":1.8,\""lookback\"":115}"",""4"":""{\""entry_z\"":1.8,\""lookback\"":115}"",""5"":""{\""entry_z\"":1.8,\""lookback\"":115}"",""6"":""{\""entry_z\"":1.8,\""lookback\"":115}"",""7"":""{\""entry_z\"":1.5,\""lookback\"":77}"",""8"":""{\""entry_z\"":1.2,\""lookback\"":77}""}",0,minimum_oos_return;minimum_oos_sharpe,minimum_oos_return,False,minimum_oos_return;minimum_oos_sharpe,,
mean_reversion__SPXUSD__entry_z-2__lookback-24,mean_reversion,SPXUSD,24.0,2.0,2021-12-29 23:00:00,2025-12-24 23:00:00,8,0.15659338985054894,0.03717415527841528,0.13733883266229005,0.3343350361487192,-0.1455438132399639,0.2554155649139463,0.02473638629665409,0.006149535491799751,0.1373447941860425,0.11321026969074659,-0.1862643660933183,0.033015093658434046,8,4,0.5,754,0.1384662705068554,-1.0637215372746693,1.1301716529849521,0.0055564063983132295,-0.10628635055674085,0.12104032795416783,-0.1862643660933183,23673,8,754,0.5,2,0.625,"{""1"":""{\""entry_z\"":2,\""lookback\"":24}"",""2"":""{\""entry_z\"":2.0,\""lookback\"":29}"",""3"":""{\""entry_z\"":2.0,\""lookback\"":29}"",""4"":""{\""entry_z\"":2.0,\""lookback\"":29}"",""5"":""{\""entry_z\"":2,\""lookback\"":24}"",""6"":""{\""entry_z\"":2,\""lookback\"":24}"",""7"":""{\""entry_z\"":2,\""lookback\"":24}"",""8"":""{\""entry_z\"":2,\""lookback\"":24}""}",0,minimum_oos_sharpe,minimum_oos_sharpe,False,minimum_oos_sharpe,,
mean_reversion__SPXUSD__entry_z-2__lookback-48,mean_reversion,SPXUSD,48.0,2.0,2021-12-29 23:00:00,2025-12-24 23:00:00,8,-0.011321958329532755,-0.0028527423832586107,0.13955330634692134,0.04923490438488612,-0.17877509897384591,-0.015957157342566794,-0.07064162302899524,-0.01821284221195385,0.1395641649494369,-0.0619889684583287,-0.19205636043966545,-0.09483071620361888,8,3,0.375,385,-0.35998624433627574,-1.569668968413784,1.9303862687804094,-0.04178485865131676,-0.0725495364660178,0.06186798639095249,-0.19205636043966545,23673,8,385,0.375,2,0.875,"{""1"":""{\""entry_z\"":2.0,\""lookback\"":58}"",""2"":""{\""entry_z\"":2.0,\""lookback\"":58}"",""3"":""{\""entry_z\"":2.0,\""lookback\"":58}"",""4"":""{\""entry_z\"":2.0,\""lookback\"":58}"",""5"":""{\""entry_z\"":2.0,\""lookback\"":58}"",""6"":""{\""entry_z\"":2.0,\""lookback\"":58}"",""7"":""{\""entry_z\"":2.0,\""lookback\"":58}"",""8"":""{\""entry_z\"":2.0,\""lookback\"":38}""}",0,minimum_oos_return;minimum_oos_sharpe;minimum_profitable_fold_share,minimum_oos_return,False,minimum_oos_return;minimum_oos_sharpe;minimum_profitable_fold_share,,
mean_reversion__SPXUSD__entry_z-2__lookback-96,mean_reversion,SPXUSD,96.0,2.0,2021-12-29 23:00:00,2025-12-24 23:00:00,8,0.04792223090871106,0.011813445067429873,0.14273004992850183,0.1534504914470629,-0.28391449007459324,0.04160916571861517,0.0147292571640667,0.0036752741208048167,0.14273820410988153,0.09687313657275938,-0.29152381933148375,0.012607114331970806,8,5,0.625,200,0.6812563541266825,-2.6113609331768615,2.174269978760992,0.038739885866620694,-0.12313341157243929,0.032182855617959485,-0.29152381933148375,23673,8,200,0.625,2,0.875,"{""1"":""{\""entry_z\"":2,\""lookback\"":96}"",""2"":""{\""entry_z\"":2.0,\""lookback\"":115}"",""3"":""{\""entry_z\"":2.0,\""lookback\"":115}"",""4"":""{\""entry_z\"":2.0,\""lookback\"":115}"",""5"":""{\""entry_z\"":2.0,\""lookback\"":115}"",""6"":""{\""entry_z\"":2.0,\""lookback\"":115}"",""7"":""{\""entry_z\"":2.0,\""lookback\"":115}"",""8"":""{\""entry_z\"":2.0,\""lookback\"":115}""}",0,minimum_oos_sharpe,minimum_oos_sharpe,False,minimum_oos_sharpe,,
mean_reversion__USDJPY__entry_z-1p5__lookback-24,mean_reversion,USDJPY,24.0,1.5,2021-12-29 22:00:00,2025-12-24 22:00:00,8,-0.21140613455069868,-0.05784131687537786,0.08692425697884898,-0.6420280178003945,-0.23944431599246963,-0.2415647940341876,-0.30232330461525525,-0.08635347604359045,0.08695979229468025,-0.9951068845643127,-0.3095203568494621,-0.2789912654617066,8,0,0.0,792,-1.1698874520487754,-2.064463574241517,-0.28693265545103314,-0.04539406397704571,-0.07212550641953219,0.12248179057348674,-0.3095203568494621,24866,8,792,0.0,3,0.75,"{""1"":""{\""entry_z\"":1.8,\""lookback\"":29}"",""2"":""{\""entry_z\"":1.8,\""lookback\"":29}"",""3"":""{\""entry_z\"":1.8,\""lookback\"":29}"",""4"":""{\""entry_z\"":1.8,\""lookback\"":29}"",""5"":""{\""entry_z\"":1.8,\""lookback\"":29}"",""6"":""{\""entry_z\"":1.8,\""lookback\"":29}"",""7"":""{\""entry_z\"":1.5,\""lookback\"":24}"",""8"":""{\""entry_z\"":1.8,\""lookback\"":24}""}",0,minimum_oos_return;minimum_oos_sharpe;minimum_profitable_fold_share,minimum_oos_return,False,minimum_oos_return;minimum_oos_sharpe;minimum_profitable_fold_share,,
mean_reversion__USDJPY__entry_z-1p5__lookback-48,mean_reversion,USDJPY,48.0,1.5,2021-12-29 22:00:00,2025-12-24 22:00:00,8,-0.21846518197382703,-0.05996416720623543,0.09098043730721199,-0.6342435162971002,-0.23330574577811092,-0.25701967607461024,-0.2829499455229981,-0.08005403663648802,0.09100920790741215,-0.871383604618938,-0.28711925614034806,-0.27881806923237656,8,2,0.25,561,-0.7708267898856638,-2.6657006493598687,0.3833482536870067,-0.03312590392055503,-0.09936194252658481,0.08610256224777213,-0.28711925614034806,24866,8,561,0.25,4,0.375,"{""1"":""{\""entry_z\"":1.2,\""lookback\"":38}"",""2"":""{\""entry_z\"":1.2,\""lookback\"":38}"",""3"":""{\""entry_z\"":1.2,\""lookback\"":38}"",""4"":""{\""entry_z\"":1.5,\""lookback\"":38}"",""5"":""{\""entry_z\"":1.8,\""lookback\"":58}"",""6"":""{\""entry_z\"":1.8,\""lookback\"":58}"",""7"":""{\""entry_z\"":1.8,\""lookback\"":58}"",""8"":""{\""entry_z\"":1.8,\""lookback\"":48}""}",0,minimum_oos_return;minimum_oos_sharpe;minimum_profitable_fold_share,minimum_oos_return,False,minimum_oos_return;minimum_oos_sharpe;minimum_profitable_fold_share,,
mean_reversion__USDJPY__entry_z-1p5__lookback-96,mean_reversion,USDJPY,96.0,1.5,2021-12-29 22:00:00,2025-12-24 22:00:00,8,-0.11552123693213989,-0.030326113927832132,0.088713167540884,-0.30284278112500285,-0.19427342647906698,-0.15610016499657395,-0.14935151837782756,-0.03976679958031981,0.08873572833266118,-0.4129984679496018,-0.22129108072040837,-0.17970358069046366,8,4,0.5,255,-0.19485250032365037,-2.6039484891725975,1.0664671710240778,-0.011082151040737676,-0.09389422964639604,0.03899129154109337,-0.22129108072040837,24866,8,255,0.5,4,0.5,"{""1"":""{\""entry_z\"":1.5,\""lookback\"":115}"",""2"":""{\""entry_z\"":1.5,\""lookback\"":115}"",""3"":""{\""entry_z\"":1.5,\""lookback\"":96}"",""4"":""{\""entry_z\"":1.5,\""lookback\"":96}"",""5"":""{\""entry_z\"":1.5,\""lookback\"":96}"",""6"":""{\""entry_z\"":1.5,\""lookback\"":96}"",""7"":""{\""entry_z\"":1.8,\""lookback\"":96}"",""8"":""{\""entry_z\"":1.8,\""lookback\"":115}""}",0,minimum_oos_return;minimum_oos_sharpe,minimum_oos_return,False,minimum_oos_return;minimum_oos_sharpe,,
mean_reversion__USDJPY__entry_z-2__lookback-24,mean_reversion,USDJPY,24.0,2.0,2021-12-29 22:00:00,2025-12-24 22:00:00,8,-0.21391451723613053,-0.05859402017355542,0.08329024375028457,-0.6833525518455449,-0.23219621593287942,-0.25234700719883,-0.2893216955010415,-0.08211164859928322,0.08331728342276466,-0.9867430789040295,-0.29439607016394287,-0.2789155730018984,8,0,0.0,657,-1.0024734341947557,-2.354163006050969,-0.12673612721030347,-0.040281714054090534,-0.07947270982026822,0.10083543747701663,-0.29439607016394287,24866,8,657,0.0,1,1.0,"{""1"":""{\""entry_z\"":2.0,\""lookback\"":29}"",""2"":""{\""entry_z\"":2.0,\""lookback\"":29}"",""3"":""{\""entry_z\"":2.0,\""lookback\"":29}"",""4"":""{\""entry_z\"":2.0,\""lookback\"":29}"",""5"":""{\""entry_z\"":2.0,\""lookback\"":29}"",""6"":""{\""entry_z\"":2.0,\""lookback\"":29}"",""7"":""{\""entry_z\"":2.0,\""lookback\"":29}"",""8"":""{\""entry_z\"":2.0,\""lookback\"":29}""}",0,minimum_oos_return;minimum_oos_sharpe;minimum_profitable_fold_share,minimum_oos_return,False,minimum_oos_return;minimum_oos_sharpe;minimum_profitable_fold_share,,
mean_reversion__USDJPY__entry_z-2__lookback-48,mean_reversion,USDJPY,48.0,2.0,2021-12-29 22:00:00,2025-12-24 22:00:00,8,-0.13990485795900265,-0.03710271787462893,0.08472290172881113,-0.40395547179022234,-0.20867540139609453,-0.17780110940916743,-0.19186906933757575,-0.05203928535017932,0.08474435158542297,-0.5883107767960686,-0.2405608189077756,-0.21632485949480307,8,1,0.125,395,-0.5115671865935778,-2.6743368219906296,0.7741288990841283,-0.022456516608691524,-0.0937456326379622,0.06231117226300261,-0.2405608189077756,24866,8,395,0.125,3,0.75,"{""1"":""{\""entry_z\"":2,\""lookback\"":48}"",""2"":""{\""entry_z\"":2.0,\""lookback\"":58}"",""3"":""{\""entry_z\"":2.0,\""lookback\"":38}"",""4"":""{\""entry_z\"":2.0,\""lookback\"":58}"",""5"":""{\""entry_z\"":2.0,\""lookback\"":58}"",""6"":""{\""entry_z\"":2.0,\""lookback\"":58}"",""7"":""{\""entry_z\"":2.0,\""lookback\"":58}"",""8"":""{\""entry_z\"":2.0,\""lookback\"":58}""}",0,minimum_oos_return;minimum_oos_sharpe;minimum_profitable_fold_share,minimum_oos_return,False,minimum_oos_return;minimum_oos_sharpe;minimum_profitable_fold_share,,
mean_reversion__USDJPY__entry_z-2__lookback-96,mean_reversion,USDJPY,96.0,2.0,2021-12-29 22:00:00,2025-12-24 22:00:00,8,-0.086800620035832,-0.022521387233214618,0.08473644913764318,-0.22651267857983023,-0.17615040900543255,-0.1278531645789142,-0.11750221591116305,-0.03087139961521057,0.08475330975393991,-0.3276745336456889,-0.18560033478091664,-0.1663326720377487,8,3,0.375,220,-0.31366747384974275,-2.2928747540212924,0.9924442359192817,-0.012350145265202006,-0.08053969338552747,0.03419208497936031,-0.18560033478091664,24866,8,220,0.375,3,0.5,"{""1"":""{\""entry_z\"":2.0,\""lookback\"":115}"",""2"":""{\""entry_z\"":2.0,\""lookback\"":115}"",""3"":""{\""entry_z\"":2.0,\""lookback\"":77}"",""4"":""{\""entry_z\"":2,\""lookback\"":96}"",""5"":""{\""entry_z\"":2,\""lookback\"":96}"",""6"":""{\""entry_z\"":2,\""lookback\"":96}"",""7"":""{\""entry_z\"":2,\""lookback\"":96}"",""8"":""{\""entry_z\"":2.0,\""lookback\"":115}""}",0,minimum_oos_return;minimum_oos_sharpe;minimum_profitable_fold_share,minimum_oos_return,False,minimum_oos_return;minimum_oos_sharpe;minimum_profitable_fold_share,,
mean_reversion__XAUUSD__entry_z-1p5__lookback-24,mean_reversion,XAUUSD,24.0,1.5,2021-12-29 23:00:00,2025-12-24 23:00:00,8,-0.3467169445088224,-0.10130986963057187,0.12787379461686596,-0.7713745269923867,-0.39063220304539903,-0.2593484839210701,-0.4407885166396185,-0.1356925663166345,0.1278756582436182,-1.076414783081424,-0.47569062727590183,-0.28525381526580396,8,2,0.25,901,-1.1812012185424088,-3.09664303141903,0.46089582788300765,-0.08392182309900326,-0.16543413761809977,0.15547839492437643,-0.47569062727590183,24201,8,901,0.25,4,0.5,"{""1"":""{\""entry_z\"":1.2,\""lookback\"":19}"",""2"":""{\""entry_z\"":1.8,\""lookback\"":29}"",""3"":""{\""entry_z\"":1.5,\""lookback\"":29}"",""4"":""{\""entry_z\"":1.8,\""lookback\"":29}"",""5"":""{\""entry_z\"":1.8,\""lookback\"":29}"",""6"":""{\""entry_z\"":1.8,\""lookback\"":29}"",""7"":""{\""entry_z\"":1.5,\""lookback\"":24}"",""8"":""{\""entry_z\"":1.5,\""lookback\"":24}""}",0,maximum_drawdown;minimum_oos_return;minimum_oos_sharpe;minimum_profitable_fold_share,maximum_drawdown,False,maximum_drawdown;minimum_oos_return;minimum_oos_sharpe;minimum_profitable_fold_share,,
mean_reversion__XAUUSD__entry_z-1p5__lookback-48,mean_reversion,XAUUSD,48.0,1.5,2021-12-29 23:00:00,2025-12-24 23:00:00,8,-0.27238581995429834,-0.0766810038390201,0.1270135960214793,-0.5646153374699029,-0.3996399251293994,-0.19187523322198494,-0.3284425612633888,-0.09506761341382441,0.12702881533021487,-0.7228760914297979,-0.42587062914392404,-0.22323120428597595,8,2,0.25,483,-0.6209546330295341,-2.293433285501152,0.8948379498861007,-0.048633446902862754,-0.16207969672630218,0.08016228286787189,-0.42587062914392404,24201,8,483,0.25,3,0.625,"{""1"":""{\""entry_z\"":1.8,\""lookback\"":58}"",""2"":""{\""entry_z\"":1.8,\""lookback\"":58}"",""3"":""{\""entry_z\"":1.8,\""lookback\"":48}"",""4"":""{\""entry_z\"":1.8,\""lookback\"":48}"",""5"":""{\""entry_z\"":1.8,\""lookback\"":48}"",""6"":""{\""entry_z\"":1.8,\""lookback\"":48}"",""7"":""{\""entry_z\"":1.8,\""lookback\"":48}"",""8"":""{\""entry_z\"":1.2,\""lookback\"":48}""}",0,maximum_drawdown;minimum_oos_return;minimum_oos_sharpe;minimum_profitable_fold_share,maximum_drawdown,False,maximum_drawdown;minimum_oos_return;minimum_oos_sharpe;minimum_profitable_fold_share,,
mean_reversion__XAUUSD__entry_z-1p5__lookback-96,mean_reversion,XAUUSD,96.0,1.5,2021-12-29 23:00:00,2025-12-24 23:00:00,8,-0.39495222185549184,-0.11843924777136194,0.13133101800553376,-0.8942086820416675,-0.43879950401112533,-0.26991654887640676,-0.4259216492218164,-0.12998405461567808,0.13133219466828963,-0.9945714825949429,-0.45711727923380185,-0.2843560296682531,8,2,0.25,324,-0.9900978566640375,-3.101529371474381,1.356750902677826,-0.07379633049870898,-0.1753778727453874,0.05253970675340977,-0.45711727923380185,24201,8,324,0.25,4,0.5,"{""1"":""{\""entry_z\"":1.5,\""lookback\"":115}"",""2"":""{\""entry_z\"":1.2,\""lookback\"":115}"",""3"":""{\""entry_z\"":1.2,\""lookback\"":77}"",""4"":""{\""entry_z\"":1.2,\""lookback\"":77}"",""5"":""{\""entry_z\"":1.2,\""lookback\"":77}"",""6"":""{\""entry_z\"":1.2,\""lookback\"":77}"",""7"":""{\""entry_z\"":1.8,\""lookback\"":96}"",""8"":""{\""entry_z\"":1.8,\""lookback\"":96}""}",0,maximum_drawdown;minimum_oos_return;minimum_oos_sharpe;minimum_profitable_fold_share,maximum_drawdown,False,maximum_drawdown;minimum_oos_return;minimum_oos_sharpe;minimum_profitable_fold_share,,
mean_reversion__XAUUSD__entry_z-2__lookback-24,mean_reversion,XAUUSD,24.0,2.0,2021-12-29 23:00:00,2025-12-24 23:00:00,8,-0.20891044386947,-0.057100546206415026,0.12034808686223443,-0.42836133468658993,-0.33985922859425566,-0.16801234570736076,-0.2981117751932363,-0.084982313378547,0.12034705888835885,-0.6777765939683252,-0.38948419864766215,-0.21819194122281782,8,1,0.125,706,-0.3946094049672857,-2.995836077525469,0.5751006429137808,-0.023058911084890443,-0.15492652050317424,0.11963579354555896,-0.38948419864766215,24201,8,706,0.125,2,0.75,"{""1"":""{\""entry_z\"":2.0,\""lookback\"":29}"",""2"":""{\""entry_z\"":2.0,\""lookback\"":29}"",""3"":""{\""entry_z\"":2.0,\""lookback\"":29}"",""4"":""{\""entry_z\"":2.0,\""lookback\"":29}"",""5"":""{\""entry_z\"":2.0,\""lookback\"":29}"",""6"":""{\""entry_z\"":2.0,\""lookback\"":29}"",""7"":""{\""entry_z\"":2,\""lookback\"":24}"",""8"":""{\""entry_z\"":2,\""lookback\"":24}""}",0,maximum_drawdown;minimum_oos_return;minimum_oos_sharpe;minimum_profitable_fold_share,maximum_drawdown,False,maximum_drawdown;minimum_oos_return;minimum_oos_sharpe;minimum_profitable_fold_share,,
mean_reversion__XAUUSD__entry_z-2__lookback-48,mean_reversion,XAUUSD,48.0,2.0,2021-12-29 23:00:00,2025-12-24 23:00:00,8,-0.28549622580012646,-0.08088352438884616,0.12130398304208993,-0.6346438073309731,-0.4019926956889165,-0.2012064528939555,-0.33318301654176263,-0.09667453794900005,0.12131325814533199,-0.7774362694944134,-0.4257453817429404,-0.2270712545447431,8,2,0.25,418,-0.9308228477610443,-2.4320790458622987,1.6587787560156277,-0.05111724168399945,-0.1472834722761046,0.06906692260424566,-0.4257453817429404,24201,8,418,0.25,2,0.625,"{""1"":""{\""entry_z\"":2.0,\""lookback\"":58}"",""2"":""{\""entry_z\"":2.0,\""lookback\"":58}"",""3"":""{\""entry_z\"":2.0,\""lookback\"":58}"",""4"":""{\""entry_z\"":2,\""lookback\"":48}"",""5"":""{\""entry_z\"":2,\""lookback\"":48}"",""6"":""{\""entry_z\"":2,\""lookback\"":48}"",""7"":""{\""entry_z\"":2,\""lookback\"":48}"",""8"":""{\""entry_z\"":2,\""lookback\"":48}""}",0,maximum_drawdown;minimum_oos_return;minimum_oos_sharpe;minimum_profitable_fold_share,maximum_drawdown,False,maximum_drawdown;minimum_oos_return;minimum_oos_sharpe;minimum_profitable_fold_share,,
mean_reversion__XAUUSD__entry_z-2__lookback-96,mean_reversion,XAUUSD,96.0,2.0,2021-12-29 23:00:00,2025-12-24 23:00:00,8,-0.350456702110703,-0.10260339912764382,0.12158034673939166,-0.8296400241503866,-0.3844543028792272,-0.26688061067136953,-0.3751337208964768,-0.11128170440840979,0.1215767938984109,-0.9095958937547123,-0.40151362186626016,-0.2771554894978794,8,3,0.375,235,-1.1652269642427953,-2.8866635556363613,0.9100175766300154,-0.06829321456398907,-0.17015985099470265,0.03873275004043149,-0.40151362186626016,24201,8,235,0.375,2,0.625,"{""1"":""{\""entry_z\"":2.0,\""lookback\"":77}"",""2"":""{\""entry_z\"":2.0,\""lookback\"":77}"",""3"":""{\""entry_z\"":2,\""lookback\"":96}"",""4"":""{\""entry_z\"":2.0,\""lookback\"":77}"",""5"":""{\""entry_z\"":2,\""lookback\"":96}"",""6"":""{\""entry_z\"":2,\""lookback\"":96}"",""7"":""{\""entry_z\"":2,\""lookback\"":96}"",""8"":""{\""entry_z\"":2,\""lookback\"":96}""}",0,maximum_drawdown;minimum_oos_return;minimum_oos_sharpe;minimum_profitable_fold_share,maximum_drawdown,False,maximum_drawdown;minimum_oos_return;minimum_oos_sharpe;minimum_profitable_fold_share,,
trend__ETHUSD__fast_window-12__slow_window-120,trend,ETHUSD,,,2021-12-29 22:00:00,2025-12-24 22:00:00,8,0.9111459066223684,0.1764323976123967,0.6657158192438679,0.5762073849767589,-0.572482305799767,0.3081883856059408,0.38849226258451197,0.08582357143536035,0.6657684598250315,0.4558299884366057,-0.5989729422602956,0.14328455491076925,8,4,0.5,391,0.5073400181577798,-0.8653403379663465,1.4247158414371939,0.07791220837562451,-0.3147688126343722,0.3193467397820415,-0.5989729422602956,24837,8,391,0.5,4,0.5,"{""1"":""{\""fast_window\"":10,\""slow_window\"":144}"",""2"":""{\""fast_window\"":10,\""slow_window\"":144}"",""3"":""{\""fast_window\"":10,\""slow_window\"":144}"",""4"":""{\""fast_window\"":10,\""slow_window\"":120}"",""5"":""{\""fast_window\"":10,\""slow_window\"":120}"",""6"":""{\""fast_window\"":10,\""slow_window\"":96}"",""7"":""{\""fast_window\"":10,\""slow_window\"":144}"",""8"":""{\""fast_window\"":12,\""slow_window\"":120}""}",0,maximum_drawdown,maximum_drawdown,False,maximum_drawdown,12.0,120.0
trend__ETHUSD__fast_window-12__slow_window-240,trend,ETHUSD,,,2021-12-29 22:00:00,2025-12-24 22:00:00,8,1.1195636974766106,0.20738019653006057,0.6501624055197474,0.6141890825261089,-0.6074581040105687,0.34139012248069794,0.7340986636934768,0.14808863014763318,0.6502059918120182,0.5367475065527094,-0.6458449606750898,0.22929439596902465,8,5,0.625,231,0.8185982140519998,-1.7118480212765657,1.9296655418498372,0.1655940372700091,-0.33381386066477436,0.20061015666489718,-0.6458449606750898,24837,8,231,0.625,3,0.625,"{""1"":""{\""fast_window\"":14,\""slow_window\"":288}"",""2"":""{\""fast_window\"":10,\""slow_window\"":240}"",""3"":""{\""fast_window\"":10,\""slow_window\"":288}"",""4"":""{\""fast_window\"":10,\""slow_window\"":240}"",""5"":""{\""fast_window\"":10,\""slow_window\"":288}"",""6"":""{\""fast_window\"":10,\""slow_window\"":288}"",""7"":""{\""fast_window\"":10,\""slow_window\"":288}"",""8"":""{\""fast_window\"":10,\""slow_window\"":288}""}",0,maximum_drawdown,maximum_drawdown,False,maximum_drawdown,12.0,240.0
trend__ETHUSD__fast_window-12__slow_window-72,trend,ETHUSD,,,2021-12-29 22:00:00,2025-12-24 22:00:00,8,0.2139760079719364,0.049845585143755144,0.6690513818691479,0.40654778512994005,-0.7451838945505453,0.06689031460324207,-0.20664294974104302,-0.05641692609484805,0.6690371379877316,0.24704248293519687,-0.7671565666002427,-0.07354030265929579,8,4,0.5,520,0.5811381098164845,-2.3718337075537312,1.8952997654023402,0.10277433551060056,-0.678468348143161,0.42540994476697924,-0.7671565666002427,24837,8,520,0.5,3,0.75,"{""1"":""{\""fast_window\"":12,\""slow_window\"":72}"",""2"":""{\""fast_window\"":10,\""slow_window\"":86}"",""3"":""{\""fast_window\"":10,\""slow_window\"":86}"",""4"":""{\""fast_window\"":10,\""slow_window\"":86}"",""5"":""{\""fast_window\"":10,\""slow_window\"":86}"",""6"":""{\""fast_window\"":10,\""slow_window\"":86}"",""7"":""{\""fast_window\"":14,\""slow_window\"":58}"",""8"":""{\""fast_window\"":10,\""slow_window\"":86}""}",0,maximum_drawdown;minimum_oos_return;minimum_oos_sharpe,maximum_drawdown,False,maximum_drawdown;minimum_oos_return;minimum_oos_sharpe,12.0,72.0
trend__ETHUSD__fast_window-24__slow_window-120,trend,ETHUSD,,,2021-12-29 22:00:00,2025-12-24 22:00:00,8,0.5481885189734945,0.11588718543495324,0.6665477972115508,0.4970364078891402,-0.5766248826909481,0.20097499936898308,0.22755063909053574,0.0527783256568739,0.6664545987845693,0.4096629131931212,-0.6418344609915632,0.08223043302370714,8,5,0.625,269,0.4076498454938265,-0.6846084179370805,1.5394808882623388,0.04716294539208099,-0.3241798510157725,0.23230274762361353,-0.6418344609915632,24837,8,269,0.625,4,0.375,"{""1"":""{\""fast_window\"":19,\""slow_window\"":96}"",""2"":""{\""fast_window\"":19,\""slow_window\"":96}"",""3"":""{\""fast_window\"":29,\""slow_window\"":144}"",""4"":""{\""fast_window\"":24,\""slow_window\"":144}"",""5"":""{\""fast_window\"":24,\""slow_window\"":144}"",""6"":""{\""fast_window\"":24,\""slow_window\"":144}"",""7"":""{\""fast_window\"":29,\""slow_window\"":120}"",""8"":""{\""fast_window\"":29,\""slow_window\"":144}""}",0,maximum_drawdown,maximum_drawdown,False,maximum_drawdown,24.0,120.0
trend__ETHUSD__fast_window-24__slow_window-240,trend,ETHUSD,,,2021-12-29 22:00:00,2025-12-24 22:00:00,8,0.9212277652836052,0.177986210270892,0.647876744169008,0.5761355172151872,-0.6789276296979846,0.2621578537760611,0.6742954131808132,0.13802497279195203,0.6479188605809824,0.5228743488522748,-0.711784773403782,0.19391391604503047,8,4,0.5,159,0.5121116778948666,-1.3198184842168943,2.0196707885078142,0.05921208303227976,-0.31053394192871986,0.13746259998183646,-0.711784773403782,24837,8,159,0.5,3,0.625,"{""1"":""{\""fast_window\"":29,\""slow_window\"":288}"",""2"":""{\""fast_window\"":29,\""slow_window\"":288}"",""3"":""{\""fast_window\"":29,\""slow_window\"":288}"",""4"":""{\""fast_window\"":19,\""slow_window\"":240}"",""5"":""{\""fast_window\"":19,\""slow_window\"":288}"",""6"":""{\""fast_window\"":19,\""slow_window\"":288}"",""7"":""{\""fast_window\"":29,\""slow_window\"":288}"",""8"":""{\""fast_window\"":29,\""slow_window\"":288}""}",0,maximum_drawdown,maximum_drawdown,False,maximum_drawdown,24.0,240.0
trend__ETHUSD__fast_window-24__slow_window-72,trend,ETHUSD,,,2021-12-29 22:00:00,2025-12-24 22:00:00,8,-0.1563951701900016,-0.04176766169617829,0.6691421265196079,0.27023092323254405,-0.7589777315775835,-0.055031471884374725,-0.3886889619928925,-0.11614600844734957,0.6691206296328249,0.14947483541055243,-0.8152312258397161,-0.14247001926075048,8,4,0.5,395,0.5535361677919762,-2.315300207454667,1.9094133142688006,0.11383024326065361,-0.6708711306059643,0.32210939984518805,-0.8152312258397161,24837,8,395,0.5,4,0.375,"{""1"":""{\""fast_window\"":29,\""slow_window\"":86}"",""2"":""{\""fast_window\"":29,\""slow_window\"":86}"",""3"":""{\""fast_window\"":19,\""slow_window\"":72}"",""4"":""{\""fast_window\"":24,\""slow_window\"":86}"",""5"":""{\""fast_window\"":19,\""slow_window\"":72}"",""6"":""{\""fast_window\"":19,\""slow_window\"":72}"",""7"":""{\""fast_window\"":19,\""slow_window\"":58}"",""8"":""{\""fast_window\"":24,\""slow_window\"":86}""}",0,maximum_drawdown;minimum_oos_return;minimum_oos_sharpe,maximum_drawdown,False,maximum_drawdown;minimum_oos_return;minimum_oos_sharpe,24.0,72.0
trend__SPXUSD__fast_window-12__slow_window-120,trend,SPXUSD,,,2021-12-29 23:00:00,2025-12-24 23:00:00,8,-0.1415045831660542,-0.03755653179367191,0.17807295032336068,-0.12570412146387264,-0.36853799939491894,-0.1019068097600079,-0.18671714115823046,-0.05053245657172345,0.17806424698587484,-0.2019486934606931,-0.37806991883836993,-0.1336590245713962,8,3,0.375,334,-0.5388835041184581,-2.5206617298144507,3.2123970955138113,-0.051374082831644574,-0.17192985414169693,0.054107773586113045,-0.37806991883836993,23673,8,334,0.375,5,0.25,"{""1"":""{\""fast_window\"":12,\""slow_window\"":96}"",""2"":""{\""fast_window\"":12,\""slow_window\"":96}"",""3"":""{\""fast_window\"":10,\""slow_window\"":96}"",""4"":""{\""fast_window\"":12,\""slow_window\"":144}"",""5"":""{\""fast_window\"":12,\""slow_window\"":144}"",""6"":""{\""fast_window\"":10,\""slow_window\"":144}"",""7"":""{\""fast_window\"":10,\""slow_window\"":144}"",""8"":""{\""fast_window\"":14,\""slow_window\"":144}""}",0,maximum_drawdown;minimum_oos_return;minimum_oos_sharpe;minimum_profitable_fold_share,maximum_drawdown,False,maximum_drawdown;minimum_oos_return;minimum_oos_sharpe;minimum_profitable_fold_share,12.0,120.0
trend__SPXUSD__fast_window-12__slow_window-240,trend,SPXUSD,,,2021-12-29 23:00:00,2025-12-24 23:00:00,8,0.13207813857644202,0.03161414627922987,0.17551546610390278,0.26529437607563183,-0.21010337531664336,0.1504694830893826,0.09054147183489647,0.021984276795542712,0.17550775487089537,0.21186131139108746,-0.21715883053969565,0.10123593289255665,8,4,0.5,232,0.05343174833166915,-1.1032071028870514,3.3071956427204774,-0.0012599036291533472,-0.07085575336979721,0.037386096971057735,-0.21715883053969565,23673,8,232,0.5,4,0.375,"{""1"":""{\""fast_window\"":10,\""slow_window\"":192}"",""2"":""{\""fast_window\"":12,\""slow_window\"":240}"",""3"":""{\""fast_window\"":10,\""slow_window\"":192}"",""4"":""{\""fast_window\"":10,\""slow_window\"":192}"",""5"":""{\""fast_window\"":12,\""slow_window\"":240}"",""6"":""{\""fast_window\"":14,\""slow_window\"":288}"",""7"":""{\""fast_window\"":10,\""slow_window\"":288}"",""8"":""{\""fast_window\"":14,\""slow_window\"":288}""}",0,minimum_oos_sharpe,minimum_oos_sharpe,False,minimum_oos_sharpe,12.0,240.0
trend__SPXUSD__fast_window-12__slow_window-72,trend,SPXUSD,,,2021-12-29 23:00:00,2025-12-24 23:00:00,8,-0.162399267917253,-0.04348799494556743,0.1787223545271617,-0.15920126480586394,-0.4006265567742259,-0.10854995558887826,-0.22019275556747375,-0.060492593732506816,0.17871371480150336,-0.2595869528554267,-0.41869840926851754,-0.14447772523948618,8,3,0.375,446,-0.24521220424329337,-2.996121643497095,1.8942100757923568,-0.021461069373686692,-0.20065567030955944,0.07149989248970293,-0.41869840926851754,23673,8,446,0.375,4,0.5,"{""1"":""{\""fast_window\"":12,\""slow_window\"":86}"",""2"":""{\""fast_window\"":12,\""slow_window\"":86}"",""3"":""{\""fast_window\"":12,\""slow_window\"":86}"",""4"":""{\""fast_window\"":12,\""slow_window\"":86}"",""5"":""{\""fast_window\"":12,\""slow_window\"":58}"",""6"":""{\""fast_window\"":12,\""slow_window\"":58}"",""7"":""{\""fast_window\"":10,\""slow_window\"":58}"",""8"":""{\""fast_window\"":10,\""slow_window\"":72}""}",0,maximum_drawdown;minimum_oos_return;minimum_oos_sharpe;minimum_profitable_fold_share,maximum_drawdown,False,maximum_drawdown;minimum_oos_return;minimum_oos_sharpe;minimum_profitable_fold_share,12.0,72.0
trend__SPXUSD__fast_window-24__slow_window-120,trend,SPXUSD,,,2021-12-29 23:00:00,2025-12-24 23:00:00,8,-0.058659857528613246,-0.015052316081754391,0.1777835805569044,0.0037748152952277337,-0.2881242110331922,-0.05224245483494044,-0.0936758422012931,-0.02437553385407054,0.17777274330716203,-0.0497351281354269,-0.2939959258129743,-0.08291112805956724,8,3,0.375,235,-0.22373526697578677,-1.9014146376657115,2.714524737312311,-0.025970250451654242,-0.11182186269594996,0.03791495442119272,-0.2939959258129743,23673,8,235,0.375,5,0.375,"{""1"":""{\""fast_window\"":19,\""slow_window\"":96}"",""2"":""{\""fast_window\"":24,\""slow_window\"":96}"",""3"":""{\""fast_window\"":24,\""slow_window\"":144}"",""4"":""{\""fast_window\"":19,\""slow_window\"":144}"",""5"":""{\""fast_window\"":29,\""slow_window\"":120}"",""6"":""{\""fast_window\"":29,\""slow_window\"":120}"",""7"":""{\""fast_window\"":24,\""slow_window\"":144}"",""8"":""{\""fast_window\"":29,\""slow_window\"":120}""}",0,minimum_oos_return;minimum_oos_sharpe;minimum_profitable_fold_share,minimum_oos_return,False,minimum_oos_return;minimum_oos_sharpe;minimum_profitable_fold_share,24.0,120.0
trend__SPXUSD__fast_window-24__slow_window-240,trend,SPXUSD,,,2021-12-29 23:00:00,2025-12-24 23:00:00,8,0.05496014141313821,0.013514101335363016,0.1761211687450775,0.16446078379839005,-0.28030667820705424,0.04821184219300173,0.025168163448301195,0.006255884268221212,0.17612457938330156,0.12365359436320615,-0.2864918444724135,0.021836168773815116,8,4,0.5,177,0.02869263271368533,-1.2933401467870649,2.51985169644024,-0.0061910408259722716,-0.08433517631280352,0.028643874478906105,-0.2864918444724135,23673,8,177,0.5,3,0.5,"{""1"":""{\""fast_window\"":19,\""slow_window\"":192}"",""2"":""{\""fast_window\"":19,\""slow_window\"":192}"",""3"":""{\""fast_window\"":19,\""slow_window\"":192}"",""4"":""{\""fast_window\"":19,\""slow_window\"":192}"",""5"":""{\""fast_window\"":19,\""slow_window\"":288}"",""6"":""{\""fast_window\"":19,\""slow_window\"":288}"",""7"":""{\""fast_window\"":24,\""slow_window\"":240}"",""8"":""{\""fast_window\"":24,\""slow_window\"":240}""}",0,minimum_oos_sharpe,minimum_oos_sharpe,False,minimum_oos_sharpe,24.0,240.0
trend__SPXUSD__fast_window-24__slow_window-72,trend,SPXUSD,,,2021-12-29 23:00:00,2025-12-24 23:00:00,8,-0.27699728688642933,-0.07815268676301912,0.1786795288194791,-0.365857867968004,-0.40812281678782947,-0.19149305931515292,-0.3123647584890691,-0.0896800468032789,0.17867849114199427,-0.43628478079064087,-0.42276343410258455,-0.21212820118571993,8,3,0.375,309,-0.3681652872449651,-2.7458491658871447,1.8571476960375175,-0.03493285625857495,-0.1874666884514078,0.05015414483103139,-0.42276343410258455,23673,8,309,0.375,3,0.75,"{""1"":""{\""fast_window\"":24,\""slow_window\"":72}"",""2"":""{\""fast_window\"":29,\""slow_window\"":86}"",""3"":""{\""fast_window\"":24,\""slow_window\"":58}"",""4"":""{\""fast_window\"":29,\""slow_window\"":86}"",""5"":""{\""fast_window\"":29,\""slow_window\"":86}"",""6"":""{\""fast_window\"":29,\""slow_window\"":86}"",""7"":""{\""fast_window\"":29,\""slow_window\"":86}"",""8"":""{\""fast_window\"":29,\""slow_window\"":86}""}",0,maximum_drawdown;minimum_oos_return;minimum_oos_sharpe;minimum_profitable_fold_share,maximum_drawdown,False,maximum_drawdown;minimum_oos_return;minimum_oos_sharpe;minimum_profitable_fold_share,24.0,72.0
trend__USDJPY__fast_window-12__slow_window-120,trend,USDJPY,,,2021-12-29 22:00:00,2025-12-24 22:00:00,8,0.0322490863158722,0.007994262167662303,0.10427254372964974,0.12857591023229265,-0.2571409516713469,0.031089027693573325,-0.025795795895074858,-0.006534764875304244,0.10430447691414202,-0.010626567305568133,-0.26994922116221043,-0.024207385548919786,8,4,0.5,352,0.21531628164963174,-2.581574234705261,2.0743031872991518,0.005865478564494597,-0.13951574753037488,0.05786098308099325,-0.26994922116221043,24866,8,352,0.5,3,0.625,"{""1"":""{\""fast_window\"":14,\""slow_window\"":96}"",""2"":""{\""fast_window\"":10,\""slow_window\"":96}"",""3"":""{\""fast_window\"":10,\""slow_window\"":96}"",""4"":""{\""fast_window\"":14,\""slow_window\"":96}"",""5"":""{\""fast_window\"":14,\""slow_window\"":96}"",""6"":""{\""fast_window\"":14,\""slow_window\"":96}"",""7"":""{\""fast_window\"":14,\""slow_window\"":144}"",""8"":""{\""fast_window\"":14,\""slow_window\"":96}""}",0,minimum_oos_return;minimum_oos_sharpe,minimum_oos_return,False,minimum_oos_return;minimum_oos_sharpe,12.0,120.0
trend__USDJPY__fast_window-12__slow_window-240,trend,USDJPY,,,2021-12-29 22:00:00,2025-12-24 22:00:00,8,0.2034107278508268,0.047545953572750044,0.10086631796641925,0.5110146115237167,-0.17214417990759,0.2761984378343406,0.16634636811416503,0.03935698157353529,0.10087524515856466,0.4331787193515787,-0.17550786589416223,0.22424625456541653,8,5,0.625,192,0.3215683766535283,-2.7701276737334344,3.0677828736074217,0.011757030372256061,-0.10050617165846842,0.031280294269867684,-0.17550786589416223,24866,8,192,0.625,3,0.625,"{""1"":""{\""fast_window\"":10,\""slow_window\"":192}"",""2"":""{\""fast_window\"":12,\""slow_window\"":288}"",""3"":""{\""fast_window\"":14,\""slow_window\"":288}"",""4"":""{\""fast_window\"":14,\""slow_window\"":288}"",""5"":""{\""fast_window\"":14,\""slow_window\"":288}"",""6"":""{\""fast_window\"":14,\""slow_window\"":288}"",""7"":""{\""fast_window\"":14,\""slow_window\"":288}"",""8"":""{\""fast_window\"":12,\""slow_window\"":288}""}",0,,,True,,12.0,240.0
trend__USDJPY__fast_window-12__slow_window-72,trend,USDJPY,,,2021-12-29 22:00:00,2025-12-24 22:00:00,8,0.05988521821105186,0.014697464748950395,0.10475914691051542,0.1917391954423326,-0.228562906027154,0.06430380591680213,-0.027349453885286645,-0.0069324679688997914,0.104780224725058,-0.013919220536414149,-0.2524740240831179,-0.027458143442976642,8,3,0.375,514,-0.33926517872570916,-1.4538101684732312,3.5996731086373885,-0.01585111153308827,-0.09500740589943302,0.08588218309977025,-0.2524740240831179,24866,8,514,0.375,4,0.5,"{""1"":""{\""fast_window\"":12,\""slow_window\"":58}"",""2"":""{\""fast_window\"":12,\""slow_window\"":58}"",""3"":""{\""fast_window\"":10,\""slow_window\"":58}"",""4"":""{\""fast_window\"":10,\""slow_window\"":58}"",""5"":""{\""fast_window\"":10,\""slow_window\"":58}"",""6"":""{\""fast_window\"":10,\""slow_window\"":58}"",""7"":""{\""fast_window\"":14,\""slow_window\"":58}"",""8"":""{\""fast_window\"":14,\""slow_window\"":86}""}",0,minimum_oos_return;minimum_oos_sharpe;minimum_profitable_fold_share,minimum_oos_return,False,minimum_oos_return;minimum_oos_sharpe;minimum_profitable_fold_share,12.0,72.0
trend__USDJPY__fast_window-24__slow_window-120,trend,USDJPY,,,2021-12-29 22:00:00,2025-12-24 22:00:00,8,0.1556776610427122,0.036963755836618706,0.10434792867354215,0.40009399908967136,-0.16882300231649194,0.21894975998189437,0.10237320725992705,0.024752074232473387,0.10436909973889782,0.28652989416983626,-0.17434497560746665,0.14197182423084026,8,4,0.5,278,0.22729432705908734,-1.1736543350443902,1.8148747984127038,0.00535719486128966,-0.07552302964599067,0.04721296369529967,-0.17434497560746665,24866,8,278,0.5,2,0.75,"{""1"":""{\""fast_window\"":24,\""slow_window\"":96}"",""2"":""{\""fast_window\"":29,\""slow_window\"":96}"",""3"":""{\""fast_window\"":29,\""slow_window\"":96}"",""4"":""{\""fast_window\"":29,\""slow_window\"":96}"",""5"":""{\""fast_window\"":29,\""slow_window\"":96}"",""6"":""{\""fast_window\"":29,\""slow_window\"":96}"",""7"":""{\""fast_window\"":29,\""slow_window\"":96}"",""8"":""{\""fast_window\"":24,\""slow_window\"":96}""}",0,,,True,,24.0,120.0
trend__USDJPY__fast_window-24__slow_window-240,trend,USDJPY,,,2021-12-29 22:00:00,2025-12-24 22:00:00,8,0.3082080307198689,0.0697202306524396,0.10084147741776289,0.7188072966357912,-0.14312846809805957,0.4871164456582681,0.2759458955294929,0.06304018818901191,0.10084430810349973,0.6566714316813856,-0.14820800127775857,0.42534942543936927,8,4,0.5,148,0.3685874269404359,-1.9624015381678306,3.3522667019304278,0.021410579447732947,-0.07317762446378773,0.024969590115383928,-0.14820800127775857,24866,8,148,0.5,3,0.625,"{""1"":""{\""fast_window\"":19,\""slow_window\"":288}"",""2"":""{\""fast_window\"":19,\""slow_window\"":288}"",""3"":""{\""fast_window\"":29,\""slow_window\"":288}"",""4"":""{\""fast_window\"":29,\""slow_window\"":288}"",""5"":""{\""fast_window\"":19,\""slow_window\"":288}"",""6"":""{\""fast_window\"":19,\""slow_window\"":288}"",""7"":""{\""fast_window\"":19,\""slow_window\"":288}"",""8"":""{\""fast_window\"":29,\""slow_window\"":240}""}",0,,,True,,24.0,240.0
trend__USDJPY__fast_window-24__slow_window-72,trend,USDJPY,,,2021-12-29 22:00:00,2025-12-24 22:00:00,8,0.06204298460024282,0.015215301097947886,0.1047048715395186,0.19665425643878406,-0.23413624971389868,0.06498481596309896,-0.0030434039069255903,-0.0007643575280208426,0.10473391246901044,0.0451462671475095,-0.24806769468413414,-0.003081245742191876,8,4,0.5,381,-0.15760555091265457,-1.47952030073428,3.7022054475462123,-0.008156345110519492,-0.09770270038003492,0.06323030110154651,-0.24806769468413414,24866,8,381,0.5,3,0.625,"{""1"":""{\""fast_window\"":19,\""slow_window\"":58}"",""2"":""{\""fast_window\"":19,\""slow_window\"":58}"",""3"":""{\""fast_window\"":19,\""slow_window\"":58}"",""4"":""{\""fast_window\"":19,\""slow_window\"":58}"",""5"":""{\""fast_window\"":19,\""slow_window\"":58}"",""6"":""{\""fast_window\"":19,\""slow_window\"":86}"",""7"":""{\""fast_window\"":19,\""slow_window\"":86}"",""8"":""{\""fast_window\"":29,\""slow_window\"":86}""}",0,minimum_oos_return;minimum_oos_sharpe,minimum_oos_return,False,minimum_oos_return;minimum_oos_sharpe,24.0,72.0
trend__XAUUSD__fast_window-12__slow_window-120,trend,XAUUSD,,,2021-12-29 23:00:00,2025-12-24 23:00:00,8,0.7464221490326544,0.15014842702487408,0.15088280282558358,1.00261294287405,-0.1834426863928328,0.8185032065183518,0.6433922109717556,0.1327348660047496,0.15087451205272517,0.9015402176176129,-0.19099609105841164,0.6949611652740881,8,6,0.75,351,0.8912716835410408,-0.8494325752792742,2.720458565524193,0.06349473697649333,-0.06753328585571128,0.06081287413811731,-0.19099609105841164,24201,8,351,0.75,4,0.5,"{""1"":""{\""fast_window\"":12,\""slow_window\"":96}"",""2"":""{\""fast_window\"":10,\""slow_window\"":120}"",""3"":""{\""fast_window\"":10,\""slow_window\"":120}"",""4"":""{\""fast_window\"":10,\""slow_window\"":120}"",""5"":""{\""fast_window\"":10,\""slow_window\"":120}"",""6"":""{\""fast_window\"":12,\""slow_window\"":120}"",""7"":""{\""fast_window\"":12,\""slow_window\"":120}"",""8"":""{\""fast_window\"":14,\""slow_window\"":144}""}",0,,,True,,12.0,120.0
trend__XAUUSD__fast_window-12__slow_window-240,trend,XAUUSD,,,2021-12-29 23:00:00,2025-12-24 23:00:00,8,0.6624990042782704,0.13602477027519266,0.14900914473041504,0.9304172929607745,-0.20457970466767594,0.6648986540290225,0.5986029773710175,0.12490897878957097,0.1490177675619004,0.8643855151122976,-0.2103338864977946,0.5938604609527846,8,6,0.75,228,0.7720207498274045,-0.09766480713195037,2.8268900987503383,0.05494694205564166,-0.011834584876801668,0.03918734202635635,-0.2103338864977946,24201,8,228,0.75,3,0.375,"{""1"":""{\""fast_window\"":14,\""slow_window\"":192}"",""2"":""{\""fast_window\"":14,\""slow_window\"":192}"",""3"":""{\""fast_window\"":14,\""slow_window\"":288}"",""4"":""{\""fast_window\"":14,\""slow_window\"":288}"",""5"":""{\""fast_window\"":14,\""slow_window\"":288}"",""6"":""{\""fast_window\"":10,\""slow_window\"":192}"",""7"":""{\""fast_window\"":10,\""slow_window\"":192}"",""8"":""{\""fast_window\"":10,\""slow_window\"":192}""}",0,,,True,,12.0,240.0
trend__XAUUSD__fast_window-12__slow_window-72,trend,XAUUSD,,,2021-12-29 23:00:00,2025-12-24 23:00:00,8,0.4189119576611955,0.09175395417973276,0.15163589090017765,0.6547605538284771,-0.26667786052881803,0.344062885452081,0.316088483303274,0.07134158486345066,0.1516578066996671,0.5302363894348593,-0.2872132778835056,0.2483923632959162,8,4,0.5,434,0.37416715146627233,-1.740186222212857,3.023472722635588,0.021250520642265458,-0.12168773911608088,0.0752137586568559,-0.2872132778835056,24201,8,434,0.5,5,0.5,"{""1"":""{\""fast_window\"":12,\""slow_window\"":72}"",""2"":""{\""fast_window\"":10,\""slow_window\"":72}"",""3"":""{\""fast_window\"":10,\""slow_window\"":86}"",""4"":""{\""fast_window\"":14,\""slow_window\"":86}"",""5"":""{\""fast_window\"":14,\""slow_window\"":86}"",""6"":""{\""fast_window\"":14,\""slow_window\"":86}"",""7"":""{\""fast_window\"":14,\""slow_window\"":86}"",""8"":""{\""fast_window\"":14,\""slow_window\"":72}""}",0,,,True,,12.0,72.0
trend__XAUUSD__fast_window-24__slow_window-120,trend,XAUUSD,,,2021-12-29 23:00:00,2025-12-24 23:00:00,8,0.6248720372831111,0.12951850722111802,0.15102404778233977,0.8819736701530295,-0.17169662308726208,0.7543451052924454,0.5543843671616728,0.11701997101248574,0.15103890389800473,0.8082304576773401,-0.17609399197702102,0.6645313090963147,8,7,0.875,252,0.7180304933266126,-1.3554114006841067,2.8394256538968565,0.05443383836315774,-0.10252777209844943,0.04434132675228812,-0.17609399197702102,24201,8,252,0.875,7,0.25,"{""1"":""{\""fast_window\"":19,\""slow_window\"":96}"",""2"":""{\""fast_window\"":19,\""slow_window\"":96}"",""3"":""{\""fast_window\"":19,\""slow_window\"":120}"",""4"":""{\""fast_window\"":24,\""slow_window\"":144}"",""5"":""{\""fast_window\"":29,\""slow_window\"":144}"",""6"":""{\""fast_window\"":29,\""slow_window\"":96}"",""7"":""{\""fast_window\"":29,\""slow_window\"":120}"",""8"":""{\""fast_window\"":24,\""slow_window\"":96}""}",0,,,True,,24.0,120.0
trend__XAUUSD__fast_window-24__slow_window-240,trend,XAUUSD,,,2021-12-29 23:00:00,2025-12-24 23:00:00,8,0.6801958692204402,0.13904673541390222,0.14927071850695559,0.9468459083669984,-0.22602701899003552,0.6151774953065773,0.6286116173695906,0.13017015660794895,0.14928912224830626,0.8943414899033834,-0.23077693965904156,0.564051836376144,8,6,0.75,168,0.46629516941147964,-0.0715200040577581,3.021267348439036,0.028478862495489476,-0.014555437059955878,0.031172128756947196,-0.23077693965904156,24201,8,168,0.75,5,0.375,"{""1"":""{\""fast_window\"":24,\""slow_window\"":240}"",""2"":""{\""fast_window\"":24,\""slow_window\"":192}"",""3"":""{\""fast_window\"":29,\""slow_window\"":288}"",""4"":""{\""fast_window\"":24,\""slow_window\"":192}"",""5"":""{\""fast_window\"":24,\""slow_window\"":192}"",""6"":""{\""fast_window\"":19,\""slow_window\"":192}"",""7"":""{\""fast_window\"":19,\""slow_window\"":192}"",""8"":""{\""fast_window\"":29,\""slow_window\"":192}""}",0,,,True,,24.0,240.0
trend__XAUUSD__fast_window-24__slow_window-72,trend,XAUUSD,,,2021-12-29 23:00:00,2025-12-24 23:00:00,8,0.726602540549552,0.14685956903919606,0.15174765050724098,0.9788913923795833,-0.19407006045421382,0.7567348033770724,0.6317497439264921,0.13071613387233194,0.1517568866093698,0.8854252658866645,-0.1985280519660646,0.6584265174509238,8,5,0.625,332,0.6367359374268142,-0.6102240936029009,2.753213035761489,0.041102492884749764,-0.05081631652232588,0.056498217242662394,-0.1985280519660646,24201,8,332,0.625,3,0.5,"{""1"":""{\""fast_window\"":19,\""slow_window\"":58}"",""2"":""{\""fast_window\"":19,\""slow_window\"":58}"",""3"":""{\""fast_window\"":29,\""slow_window\"":86}"",""4"":""{\""fast_window\"":29,\""slow_window\"":86}"",""5"":""{\""fast_window\"":19,\""slow_window\"":86}"",""6"":""{\""fast_window\"":29,\""slow_window\"":86}"",""7"":""{\""fast_window\"":29,\""slow_window\"":86}"",""8"":""{\""fast_window\"":19,\""slow_window\"":58}""}",0,,,True,,24.0,72.0
