layer,failure_reason,candidate_failures
layer1,oos_net_sharpe,2111
layer1,oos_net_return,1881
layer1,median_neighbor_sharpe,1767
layer1,positive_neighbor_count,1743
layer1,worst_neighbor_sharpe,1562
layer1,trade_profit_concentration,528
layer1,oos_trade_count,371
layer1,no_valid_neighbors,12
layer2,minimum_oos_sharpe,2200
layer2,minimum_profitable_fold_share,1975
layer2,minimum_oos_return,1945
layer2,maximum_drawdown,1106
layer2,minimum_oos_trades,287
layer3,synthetic_drawdown,1578
layer3,synthetic_terminal_nav,1291
layer3,synthetic_total_return,1291
layer3,worst_window_drawdown,120
layer3,march_2020_drawdown,117
layer3,worst_window_net_return,109
layer3,march_2020_net_return,57
layer4,deflated_sharpe_probability,2640
layer4,permutation_p_value,2331
layer4,bootstrap_probability_negative_return,2273
layer4,bootstrap_drawdown_p95,1712
layer4,bootstrap_trade_count,194
layer4,exception: ValueError: No valid trade returns available.,102
